id	label
-_wznbUu3DY	helicopter
0TQQn_S8ZDM	helicopter
0yQFLuXBbTo	helicopter
1eNvdYhkin4	helicopter
1jyrJSHYR-c	helicopter
1JZBJXb_jzM	helicopter
1LBBA76-TuQ	helicopter
1qbRpriB55k	helicopter
1T9jjPQxRHE	helicopter
2erACT9n-B4	helicopter
2ndwZG2uok0	helicopter
2nF2Lql0_Aw	helicopter
2t1liDKjf-g	helicopter
2vXlGSNtcn0	helicopter
3Jlf2R6FBRA	helicopter
3KkUbQHnExo	helicopter
-3tQW7Zhl9U	helicopter
3xeuotzBk9s	helicopter
3ZEHgq1o8PI	helicopter
4_KrEq3ucwI	helicopter
4MJKHVXNtzY	helicopter
4NLW2X3DuMU	helicopter
5GXbpFGSZ7I	helicopter
5o-s547x2e8	helicopter
5XrPzlRLnBI	helicopter
6BYlJtI3UVU	helicopter
6G5H81qDvW4	helicopter
6M_JfKJxNVA	helicopter
6U1UM2ehgr0	helicopter
6VQeiOghkdE	helicopter
7-f-6bBTI-0	helicopter
7-x-9e9iNj8	helicopter
7AYPK7U3evs	helicopter
7qXlcJBcBPw	helicopter
7WWMhbf1Ssc	helicopter
7Y_jJnov7M4	helicopter
8jhwmCV3WCA	helicopter
8Z7xA1HqkRg	helicopter
9LO4gcg49aU	helicopter
9mpnV8GpoKc	helicopter
9nsLTLNvOSw	helicopter
9Rqaxf1rSUA	helicopter
9WZgxE98Yyg	helicopter
19TjZrYIMWk	helicopter
66Sl9ixB_5U	helicopter
75PEVQt1cQQ	helicopter
75UL4bTnTRs	helicopter
81V5zO9ntWg	helicopter
86SnBJ00KWQ	helicopter
89JAEnHCRbY	helicopter
AcJXSEfGGcI	helicopter
AFaBECQSQjo	helicopter
AGoOj13x-Ds	helicopter
ApqTL3dFTdM	helicopter
AXEPdMUvXLo	helicopter
BDduRe11_wo	helicopter
BDYpXqMsg5k	helicopter
Bfjr2BD94RY	helicopter
Bgh_mgO2VZU	helicopter
BGkb9XuspoY	helicopter
BIAkLC-gy2Y	helicopter
BNrmXcZQ-p4	helicopter
BOB65Nd0pXo	helicopter
CgGGijaRZ30	helicopter
ChcnXv03Itg	helicopter
CLm9FYDRxsA	helicopter
CMx9nGyUVz0	helicopter
Cw-US2uaOKs	helicopter
DjGcre72pxw	helicopter
DP39sTllcPU	helicopter
DpRyPTj1A6M	helicopter
DQJwCqR08Tg	helicopter
DrvYM8g3HWk	helicopter
DxvGKv2L6-8	helicopter
DZPQHyoP8ts	helicopter
E509105txOk	helicopter
ECV8j0bhOlc	helicopter
EEBZz08i_vY	helicopter
Eo_FyQjui1k	helicopter
EyBwCTiXWdA	helicopter
EzE7FPYhzUI	helicopter
F0IYjZN8ojA	helicopter
F186zkBSFjE	helicopter
FjK-wypKLxw	helicopter
FXXBXAJa_RU	helicopter
G6SoJ8JPG5M	helicopter
GO_1gBjIR1c	helicopter
Godz5tRIaRU	helicopter
GSVRpO44F04	helicopter
H__6P-rZ3Lo	helicopter
-H1_pKntTx4	helicopter
HbA-Abyc6bU	helicopter
HdASUfcAR9A	helicopter
I8a6GwMJpuM	helicopter
IB2YDmEtKPo	helicopter
Ih0xy7tt2JY	helicopter
IJ9WJQ0dj3g	helicopter
IJI4VNsKSUg	helicopter
Ijm0-BtXDp0	helicopter
Ina9zrcoYPs	helicopter
IQ2bHS59KnI	helicopter
Isn4ltY2kPw	helicopter
IXghBspzZK0	helicopter
JC6VyIc02Kg	helicopter
Jet-YGASUw8	helicopter
JFe8k9aDPaI	helicopter
Jh2-zaDakrU	helicopter
JqGGlr_icXU	helicopter
JQQM0Rm_3E4	helicopter
KbViq9fsi8E	helicopter
KSgWEfplTHc	helicopter
Kvs8sm3Mcjg	helicopter
KxQwGUz5AqM	helicopter
KXumlH_SF5Y	helicopter
L4Hm7LpSFMk	helicopter
L6HB1czbGDY	helicopter
LExpQz32kLY	helicopter
LF4bs0MUoQg	helicopter
Lo7sGHpICOE	helicopter
LrOzd4OE6UU	helicopter
LVYetu5gk3I	helicopter
LWClbNmo37k	helicopter
Lxbx92eI3Xg	helicopter
LyHnIuHiRS4	helicopter
LyWChUrpN0I	helicopter
M6rdDnqW8EE	helicopter
Ma5OotVwCh0	helicopter
MC-nspGMkvw	helicopter
Md6vo7OfkYA	helicopter
MoZc4IsdhiU	helicopter
MpRXvVuNPOs	helicopter
MS1MKQj2L5o	helicopter
MxMLXp3Rgu4	helicopter
N-9HLIfELcc	helicopter
NmNgL4oXH9M	helicopter
NMo2M0rO8Ag	helicopter
Nr3-9zAyUZk	helicopter
NZkmKhCwFsI	helicopter
OAzPNdL-wQI	helicopter
P_8sR3jDZ9E	helicopter
PAbrvAkMQmU	helicopter
PGB_PyO2w0k	helicopter
PsDimxTs5GE	helicopter
Q8IpEy839Fc	helicopter
QbfoKNSoIeU	helicopter
QBrJ-biRPLg	helicopter
QKuTctSBJZs	helicopter
QZ-cG6VdBHM	helicopter
R_tuOJyoLMM	helicopter
RAyz-hi-X4o	helicopter
RmtNq8vaTQc	helicopter
RnMbQMjigdU	helicopter
RR1Z1-YVE_M	helicopter
RSVJviWsG6o	helicopter
RXOVFvbpXy4	helicopter
S3Fg5wYR-O8	helicopter
S4Z7y77VF4Y	helicopter
SBr5PlzuK3I	helicopter
SCXlT8zIqPw	helicopter
SMeEI7c4O0E	helicopter
SNPuQKAKLd4	helicopter
T2vVudo7fiM	helicopter
TAdH0kUJj9k	helicopter
TeZX4pAL4Qs	helicopter
TgAcM1sb42I	helicopter
TkdLSt0HzEQ	helicopter
Tv0RFx28oEY	helicopter
UadNGqzMAF0	helicopter
-ue3k_aV6mY	helicopter
UpXTTnAJndg	helicopter
UUddwWTuKJ0	helicopter
UuysHY0depg	helicopter
Uv3K_pEUlX8	helicopter
UY_AbLTIRtw	helicopter
V5ux3CuvY38	helicopter
VI6ytekigV0	helicopter
VN0FRmNf8R4	helicopter
VqNbTJu7DVI	helicopter
VqrXTEj05aM	helicopter
VREKcER5mas	helicopter
Vrh7qRAKzqs	helicopter
VSdjbjjM4k4	helicopter
-VTAtBy_jiI	helicopter
VtnXae2aO04	helicopter
VvlWf3Vvwss	helicopter
VW9Ba2cNLAI	helicopter
VWraCqnOvOA	helicopter
VzOkol5hD2Y	helicopter
W1713WwiTSA	helicopter
W9fNGlxl6PM	helicopter
W9g0Zl_b508	helicopter
wBnRLl7fTSE	helicopter
Wiq8fiFPDsM	helicopter
WIrnq6luD9c	helicopter
wliRjotVuBI	helicopter
WLq_Mk4p1Ns	helicopter
WoPbsn5wDfY	helicopter
-Wr1LEmgz9w	helicopter
Wr44Q8MQHL0	helicopter
wSdjlAkz1i8	helicopter
wuymegWdfmg	helicopter
WweIaYtzpj0	helicopter
WX-K2XkeoHc	helicopter
WXT0aIPTRXM	helicopter
-WyUAnVpexc	helicopter
-XIpY07w9rQ	helicopter
XuTOHx7N1L8	helicopter
XVlT_CKmqJA	helicopter
XYvootbcWYw	helicopter
Y3Z963TSuWY	helicopter
YvA90hZwJ9w	helicopter
z-FboWRVAoI	helicopter
z0O5uQ8lPCI	helicopter
z0wsT163MZ4	helicopter
z4HX8-du2nQ	helicopter
z8W2aL7W3pY	helicopter
ZtPoTqVxVvU	helicopter
_8acDzOQAg8	mynah_bird_singing
1lcEm0BPnlU	mynah_bird_singing
2M-fRggQBbE	mynah_bird_singing
3dZuwc9r2jw	mynah_bird_singing
3WlS8virKhk	mynah_bird_singing
4MztFzXuZAA	mynah_bird_singing
4QHb3x3tO6k	mynah_bird_singing
4RDab4Ufwu8	mynah_bird_singing
5hdgmE2QF9w	mynah_bird_singing
5hV3mKoOgh8	mynah_bird_singing
6GoWuxmiXRc	mynah_bird_singing
6hlkMqrLWEg	mynah_bird_singing
6VUXHzFzS3c	mynah_bird_singing
6wd7xuHEmaw	mynah_bird_singing
7oMz1r6n2VM	mynah_bird_singing
8gWDOQWc2Cg	mynah_bird_singing
9DIrG8426vY	mynah_bird_singing
9FdJgE6K4z0	mynah_bird_singing
-9peZWsQHow	mynah_bird_singing
25BgIIti4mM	mynah_bird_singing
90avrPK09qs	mynah_bird_singing
a5GFVMCVjv0	mynah_bird_singing
agh3hN0svLo	mynah_bird_singing
an_Uo19wjLk	mynah_bird_singing
aqVyNqDHCu4	mynah_bird_singing
ARjdxAg4Djg	mynah_bird_singing
b0pVAXaFsDM	mynah_bird_singing
BDaqnMJ5Ems	mynah_bird_singing
Bw8u70lXZag	mynah_bird_singing
c3qbNQLfD_A	mynah_bird_singing
cf7EomtWaiE	mynah_bird_singing
cj62Zn5fFlM	mynah_bird_singing
CVmk3PcyXHc	mynah_bird_singing
D15JjHzggt8	mynah_bird_singing
DCISHo7PK6k	mynah_bird_singing
DDoJMpe85o0	mynah_bird_singing
DhmDr6WAhtg	mynah_bird_singing
dNHMVzibAEk	mynah_bird_singing
DQ1o_3vGXaE	mynah_bird_singing
DqAljTw2uo8	mynah_bird_singing
d-TkYY8Zr4s	mynah_bird_singing
Dv2JaZw9FYM	mynah_bird_singing
DybKuWv52_s	mynah_bird_singing
eDHH34hKQMc	mynah_bird_singing
eeuYUpMPnh4	mynah_bird_singing
EiPT0zpFVtU	mynah_bird_singing
eJ8NXrJWMP0	mynah_bird_singing
ePXInfDyqAc	mynah_bird_singing
eqnyjiqFR3w	mynah_bird_singing
EQV6rVGE7Zg	mynah_bird_singing
f1kPQtyTpuQ	mynah_bird_singing
F6GI6pc0XtM	mynah_bird_singing
FlX6Q0tbf8U	mynah_bird_singing
G3RULfPXWPk	mynah_bird_singing
G6qy3sekPTg	mynah_bird_singing
GaYC44Lxx9U	mynah_bird_singing
ggb93ZYIeaA	mynah_bird_singing
ggXBFIWZlLI	mynah_bird_singing
gyOFzklrg3Y	mynah_bird_singing
h4zwuBLKWj4	mynah_bird_singing
h7L1frO-W8k	mynah_bird_singing
H7UbY6PRxA8	mynah_bird_singing
haVBNvKQsEI	mynah_bird_singing
htdZXCI8NqM	mynah_bird_singing
I8DSF5M8vYU	mynah_bird_singing
IEyAS4N4HkA	mynah_bird_singing
IjpIxH8egvI	mynah_bird_singing
IQvot5Z954Q	mynah_bird_singing
Iw6NiC_Wbr4	mynah_bird_singing
J-ejO1E8XYk	mynah_bird_singing
j4IKy3dK-Vc	mynah_bird_singing
jj_DQxq6AOA	mynah_bird_singing
JkDTsuyu8So	mynah_bird_singing
Kc4moqpQ9ZU	mynah_bird_singing
KJ2NWnQ84k4	mynah_bird_singing
KKmwM72wFcQ	mynah_bird_singing
kmAZ7m8Nr3E	mynah_bird_singing
kUv7JBXevBA	mynah_bird_singing
kYjg0mp4bWE	mynah_bird_singing
lCPOFKvKeqE	mynah_bird_singing
ldQsFZZ2KU8	mynah_bird_singing
lo_F261_XGI	mynah_bird_singing
LpeUNO651d4	mynah_bird_singing
LvodH6Hdctk	mynah_bird_singing
LZEu6O7vCAo	mynah_bird_singing
M4w9yl5HJno	mynah_bird_singing
M83GjpnyZgo	mynah_bird_singing
mc4xsGEH4Yo	mynah_bird_singing
meJw1oQazHY	mynah_bird_singing
mfGKrGzvdhs	mynah_bird_singing
mfVwU8n8f6A	mynah_bird_singing
mkaJujvQBpM	mynah_bird_singing
mx6rxKFawVQ	mynah_bird_singing
MyRUhckPyqQ	mynah_bird_singing
n-G6mmLjjFo	mynah_bird_singing
N7FFivMLTb0	mynah_bird_singing
NAk-PU3X_DQ	mynah_bird_singing
NBQJxSLSEb0	mynah_bird_singing
nG6q9V7rfKU	mynah_bird_singing
nJTx6A9xKQ0	mynah_bird_singing
NPilDsxM26g	mynah_bird_singing
npWRooZqtpU	mynah_bird_singing
NUrdshX6mk4	mynah_bird_singing
O28I9G3GziA	mynah_bird_singing
P7vePeg7wZQ	mynah_bird_singing
pHGAxfxHTbg	mynah_bird_singing
pq6sozzF50I	mynah_bird_singing
Ptso2WuyYGM	mynah_bird_singing
q_KRjVHUQ9c	mynah_bird_singing
QmENgS2Fk88	mynah_bird_singing
qWLo_xKE_Z8	mynah_bird_singing
r9QELlDEq8c	mynah_bird_singing
RfXPKfG5Z9c	mynah_bird_singing
rH_0WjLUMO4	mynah_bird_singing
rJ8EHGO7Tik	mynah_bird_singing
rMwYBw7zMmY	mynah_bird_singing
rqhTqJtu3WA	mynah_bird_singing
S0lYMOOXpiw	mynah_bird_singing
Sne6J4TOyjo	mynah_bird_singing
T2uBzbjttJM	mynah_bird_singing
T4_uJUlfx58	mynah_bird_singing
td5qjREoy90	mynah_bird_singing
teMQIpsg0ow	mynah_bird_singing
TeVDgKRnhCU	mynah_bird_singing
tk3sdVGyNvw	mynah_bird_singing
tl5v1u9BKbE	mynah_bird_singing
VhsFniEZO-k	mynah_bird_singing
VIQ0m4jWzXY	mynah_bird_singing
wOX76HirZ3s	mynah_bird_singing
WXqx7ETQzVY	mynah_bird_singing
x17kfdI3NVs	mynah_bird_singing
XpO9yM2ygLg	mynah_bird_singing
xrd1xgAvmV0	mynah_bird_singing
XsLHtpm-sP8	mynah_bird_singing
y89-45CHWEs	mynah_bird_singing
YDyIKZjzQg4	mynah_bird_singing
yh6L0s_8xNg	mynah_bird_singing
YT9b2IBAwgA	mynah_bird_singing
YVhZdMKi3ys	mynah_bird_singing
-zlobk6YPw4	mynah_bird_singing
_eJr86Ywo9Y	typing_on_computer_keyboard
_yikj0xnysI	typing_on_computer_keyboard
-s2G3Kto0Gw	typing_on_computer_keyboard
0_yN1k-S99I	typing_on_computer_keyboard
00Ag326f4gs	typing_on_computer_keyboard
0jVvlyJKzQc	typing_on_computer_keyboard
0LrcdibGaLI	typing_on_computer_keyboard
0QhsgW-yDmE	typing_on_computer_keyboard
0z97A0GYhAQ	typing_on_computer_keyboard
1fr6YgvX9qE	typing_on_computer_keyboard
3jPSUgsQwE8	typing_on_computer_keyboard
4ADxi494xsA	typing_on_computer_keyboard
04IUHjj3lpA	typing_on_computer_keyboard
4Ko2TdqMgks	typing_on_computer_keyboard
4O0eZ-nquKU	typing_on_computer_keyboard
4tASCYb3ySA	typing_on_computer_keyboard
4zh7vIS5Tj4	typing_on_computer_keyboard
5nCVaazCHaA	typing_on_computer_keyboard
6ZiigQRT8iE	typing_on_computer_keyboard
6zZkfPToryg	typing_on_computer_keyboard
7LzcWBu-Y6A	typing_on_computer_keyboard
8bnsGRX_jH4	typing_on_computer_keyboard
8rBbtL5FR-E	typing_on_computer_keyboard
8Wlvho81zus	typing_on_computer_keyboard
9IhwuLSwKwc	typing_on_computer_keyboard
9NcxNH75ByE	typing_on_computer_keyboard
14jtUoyUxyQ	typing_on_computer_keyboard
20FfN75nr9M	typing_on_computer_keyboard
24tWz7gmngI	typing_on_computer_keyboard
35zjZSpI_Fo	typing_on_computer_keyboard
99hN_5beEHs	typing_on_computer_keyboard
a0aniojQWVk	typing_on_computer_keyboard
A2q9MnpyDKs	typing_on_computer_keyboard
ACr6r40_UeQ	typing_on_computer_keyboard
aenAgdRwYdM	typing_on_computer_keyboard
aGmFyko0sPg	typing_on_computer_keyboard
aNDmHGRsmnM	typing_on_computer_keyboard
AUJPBPyRRSk	typing_on_computer_keyboard
aVLrCy_892Q	typing_on_computer_keyboard
AXKxnbcbPYo	typing_on_computer_keyboard
AySVuo87x5E	typing_on_computer_keyboard
bddjvkOo4UI	typing_on_computer_keyboard
bFZL4ABbkk0	typing_on_computer_keyboard
bIAHV6ckEcU	typing_on_computer_keyboard
BKExZZNvzJQ	typing_on_computer_keyboard
BNermhLzCLs	typing_on_computer_keyboard
bnLGYE7yroI	typing_on_computer_keyboard
bwaO1GmMLWk	typing_on_computer_keyboard
byUA01giSqQ	typing_on_computer_keyboard
C0LIN6BdjFc	typing_on_computer_keyboard
c3UPyEZ1yQY	typing_on_computer_keyboard
c6nfgDLtXBg	typing_on_computer_keyboard
cB3NAIC3L5o	typing_on_computer_keyboard
CgNhYy89jSo	typing_on_computer_keyboard
ch-C3dLvxbA	typing_on_computer_keyboard
CMzlxMzoQJE	typing_on_computer_keyboard
CsvtHy2q2Og	typing_on_computer_keyboard
CxIDfBbwQPA	typing_on_computer_keyboard
D2HyDCMIQ50	typing_on_computer_keyboard
d4yBeEbVp1Y	typing_on_computer_keyboard
D7ooQu528mk	typing_on_computer_keyboard
D9dGWAbAvxA	typing_on_computer_keyboard
dBsWGKkmEqk	typing_on_computer_keyboard
DdeAOHSE98o	typing_on_computer_keyboard
DhVTM1lxnYI	typing_on_computer_keyboard
DKiebIzin8I	typing_on_computer_keyboard
e8rwpIMOdSk	typing_on_computer_keyboard
ejva28DH8j4	typing_on_computer_keyboard
Elo7Rs9VvsQ	typing_on_computer_keyboard
EOiuX06btE4	typing_on_computer_keyboard
fdqYnI55kVw	typing_on_computer_keyboard
Fm6duB3_A6U	typing_on_computer_keyboard
gj4SNi_o9cE	typing_on_computer_keyboard
gjyp-WpxyqM	typing_on_computer_keyboard
GMGivXPl3co	typing_on_computer_keyboard
GYlaffKJuEg	typing_on_computer_keyboard
hDQ0MHLB6kk	typing_on_computer_keyboard
HjIoQ3z_cf4	typing_on_computer_keyboard
HnOUK3wyxMI	typing_on_computer_keyboard
HOtQseh7MIM	typing_on_computer_keyboard
hRHFc7XoK10	typing_on_computer_keyboard
HwmKFB1C38Y	typing_on_computer_keyboard
HZxl5ot0Luk	typing_on_computer_keyboard
iAywKr3UxkI	typing_on_computer_keyboard
ICpahMYO2xQ	typing_on_computer_keyboard
ID9mfxZSK6M	typing_on_computer_keyboard
InpwFGO4Lug	typing_on_computer_keyboard
j_XrqLkLG9M	typing_on_computer_keyboard
J-axOX5flUE	typing_on_computer_keyboard
j2oAnGKHYK8	typing_on_computer_keyboard
J4VeWujsLJg	typing_on_computer_keyboard
jG7RLcaWAm4	typing_on_computer_keyboard
jHtAPbCj0U4	typing_on_computer_keyboard
jjD505NAVpw	typing_on_computer_keyboard
JQz40TkjymY	typing_on_computer_keyboard
jtL0pXwd2KE	typing_on_computer_keyboard
Jz471WNVZlM	typing_on_computer_keyboard
KC_rwPGtbsk	typing_on_computer_keyboard
Kc66Krp4BWU	typing_on_computer_keyboard
kGR4FOTqvpY	typing_on_computer_keyboard
KqY_f5zNfeI	typing_on_computer_keyboard
ktDfIj9vnXI	typing_on_computer_keyboard
kVztC6jU14s	typing_on_computer_keyboard
LADA3l7nFcg	typing_on_computer_keyboard
LcAVQW8jafU	typing_on_computer_keyboard
LMW6S_qNxVY	typing_on_computer_keyboard
LSR_fs7E5sY	typing_on_computer_keyboard
m-FfTcOjM9M	typing_on_computer_keyboard
mPX61tX_08g	typing_on_computer_keyboard
mSz0rZGISbg	typing_on_computer_keyboard
N2zO62qt938	typing_on_computer_keyboard
N9EHfadgEco	typing_on_computer_keyboard
NgODCgV5BEo	typing_on_computer_keyboard
NjSCdirVtgg	typing_on_computer_keyboard
Nldr0X-AZho	typing_on_computer_keyboard
o2xhacPTzW0	typing_on_computer_keyboard
O9tM5h9beDM	typing_on_computer_keyboard
oa0OMF_5Pko	typing_on_computer_keyboard
oCnbmsOP7HQ	typing_on_computer_keyboard
ODpAfVfUBYc	typing_on_computer_keyboard
OjObMozGKBM	typing_on_computer_keyboard
oKRGWWyIpak	typing_on_computer_keyboard
opZfni2IZcM	typing_on_computer_keyboard
oTERiCZpEX8	typing_on_computer_keyboard
OVneiN7xKAA	typing_on_computer_keyboard
OZwrmAEzl5A	typing_on_computer_keyboard
OZYOyUdjh4A	typing_on_computer_keyboard
p3jWlG1zSVA	typing_on_computer_keyboard
P8kBlb43Y8A	typing_on_computer_keyboard
P8NoPjaeKiI	typing_on_computer_keyboard
PAAgCMk00To	typing_on_computer_keyboard
pdsqinS_7sY	typing_on_computer_keyboard
PJ12md3DdvY	typing_on_computer_keyboard
pjGtwc3Imao	typing_on_computer_keyboard
PrNaeQohH9g	typing_on_computer_keyboard
PXdQrPW_YyY	typing_on_computer_keyboard
PZACLpEasFU	typing_on_computer_keyboard
PzLvmwRRUCc	typing_on_computer_keyboard
QB7gRIad274	typing_on_computer_keyboard
QbfMzT9_wMM	typing_on_computer_keyboard
qhDpt1-kVsk	typing_on_computer_keyboard
qu6jr6puHzE	typing_on_computer_keyboard
quFH0IWhyao	typing_on_computer_keyboard
QW_uu-B1kbg	typing_on_computer_keyboard
r5V1syNqXD8	typing_on_computer_keyboard
r9Uam1Xk-p4	typing_on_computer_keyboard
rGmcfQipiNk	typing_on_computer_keyboard
RQeXcKxVraY	typing_on_computer_keyboard
rTh92nlG9io	typing_on_computer_keyboard
rxnkVl_Wxbw	typing_on_computer_keyboard
s3YYead5BIw	typing_on_computer_keyboard
S5-12O3kiho	typing_on_computer_keyboard
sdcE6OXaOII	typing_on_computer_keyboard
ShJltlTvg5o	typing_on_computer_keyboard
Sl4weBj8xfc	typing_on_computer_keyboard
SYtWHA6unms	typing_on_computer_keyboard
T8zELmSNq2M	typing_on_computer_keyboard
TLqXsEtN3cQ	typing_on_computer_keyboard
tyMro1Y6bw0	typing_on_computer_keyboard
u63rLEqPfEc	typing_on_computer_keyboard
UB4WecBNIbo	typing_on_computer_keyboard
Uf7KE0RBQcs	typing_on_computer_keyboard
UKvYKEjOEAQ	typing_on_computer_keyboard
uLdRi__nG2c	typing_on_computer_keyboard
umEZLM4oFsA	typing_on_computer_keyboard
UXTTFMsTj7k	typing_on_computer_keyboard
UYkhAI5cADo	typing_on_computer_keyboard
v-9UGp8ivu4	typing_on_computer_keyboard
VDfJ3XWiZcU	typing_on_computer_keyboard
vlAGZUzkCDU	typing_on_computer_keyboard
VlvgX5mEthY	typing_on_computer_keyboard
vPUh81uFnQc	typing_on_computer_keyboard
vwA-NNod4sg	typing_on_computer_keyboard
waP4uek-j3s	typing_on_computer_keyboard
WHtA5d4TvXs	typing_on_computer_keyboard
Wi3jF4zQh9M	typing_on_computer_keyboard
wVoGBdh8f1Y	typing_on_computer_keyboard
x5YrSv4PzqA	typing_on_computer_keyboard
X84TyZUbthc	typing_on_computer_keyboard
XDna3NIOR7Q	typing_on_computer_keyboard
xfuEk-DdUbY	typing_on_computer_keyboard
xKzyon61hsA	typing_on_computer_keyboard
xosQNRXLlyo	typing_on_computer_keyboard
XXFjskd6-40	typing_on_computer_keyboard
YCfLuYLCSlw	typing_on_computer_keyboard
YnTTOlVw3D0	typing_on_computer_keyboard
YR-MOhl0bYc	typing_on_computer_keyboard
ysrPrE9D1CQ	typing_on_computer_keyboard
yyPsyKd6OXw	typing_on_computer_keyboard
zBrIRQTUwy0	typing_on_computer_keyboard
ZDEEppygzes	typing_on_computer_keyboard
ZuZVcUMdCVA	typing_on_computer_keyboard
ZX8lB5p4CAQ	typing_on_computer_keyboard
-lgSmVKN1VY	playing_violin
-NCD5jfkapA	playing_violin
-NvDh4fMiWc	playing_violin
-puNE6Pq7Jo	playing_violin
-wcwrkUJwhM	playing_violin
-XJ1i40XSIw	playing_violin
-yVlxH01sYQ	playing_violin
-ZPawlysHnc	playing_violin
0MuM1Nch4xY	playing_violin
0n0zuw8zuW4	playing_violin
0RqHkIvB4VY	playing_violin
0s49D-LqHwg	playing_violin
1cnZrhivdrM	playing_violin
1DeE4ezSPdQ	playing_violin
1iVgvqf5apU	playing_violin
1lzJ4_qfZ9M	playing_violin
1oEekSTzgeo	playing_violin
1t3LJn23uCI	playing_violin
1tBrbVX-iIM	playing_violin
1VMgM5t-NWU	playing_violin
1WaTnza9cn0	playing_violin
1z2EmcLouic	playing_violin
2dNEVAF3X2E	playing_violin
2DTCSeX3aUY	playing_violin
2IJaODbc2js	playing_violin
2nEjLrb8q6E	playing_violin
2nYOk_XoDm4	playing_violin
2PwprdcYa4o	playing_violin
2Uv7fWDjWB0	playing_violin
3cLclrAxiCw	playing_violin
3G_gh1HuDZI	playing_violin
3I9sSkxv0Ps	playing_violin
3Kjbw5B4Bws	playing_violin
3L-zuyZlGPk	playing_violin
3mCWARDySc8	playing_violin
3PCVpLWlY3M	playing_violin
3Q4ZpXjU-yQ	playing_violin
3Qo-JwqcEJ4	playing_violin
3qXCX0ai6Ws	playing_violin
3ugvpV0QA-4	playing_violin
3V7EHNKro-I	playing_violin
3Yk7h8VPQ78	playing_violin
4AbCbxFdCsc	playing_violin
4ChgPZ3Sjuw	playing_violin
4GJ5N4ivLpQ	playing_violin
4ipWKLhd39o	playing_violin
4iX6QcFCbcQ	playing_violin
004KfU7bgyg	playing_violin
4lH9S8DC8oM	playing_violin
4OBBC2cxubQ	playing_violin
4Pod-Q6F86Y	playing_violin
4PrmVQNY4lw	playing_violin
4TZAQkLDaqk	playing_violin
4yoC4S8tO0w	playing_violin
5-teLbuojYY	playing_violin
5a019Ilbr-U	playing_violin
5F3K1zjINMo	playing_violin
5GYDj7tl2Gs	playing_violin
5Tgjt1xDoGc	playing_violin
5uoAzMT4ZxQ	playing_violin
5WD6iy-rWvU	playing_violin
06dCAQutFeI	playing_violin
6dKEfdTq_Tw	playing_violin
6FfrD8FTubY	playing_violin
6GnMT_OECyM	playing_violin
6h3aNoV_ob8	playing_violin
6HWtm7CtF4g	playing_violin
6QgFea3MXlI	playing_violin
6vAk42XWh3c	playing_violin
6X1OkFLlPO4	playing_violin
7d14HMZVaxE	playing_violin
7jSwXeAb-U8	playing_violin
7zLNIL9vQWw	playing_violin
8FuxoybXeaE	playing_violin
8ggp6xLEcS0	playing_violin
8nkb8Ok74qc	playing_violin
8OYfFXt6ImQ	playing_violin
8uzcz9as3Ow	playing_violin
8V2gWwavk00	playing_violin
8x_0idkMxbk	playing_violin
8yFGQK3fg_I	playing_violin
8zT9f3WprTY	playing_violin
9dc7xjMXrQ4	playing_violin
9FzEVy2YrWE	playing_violin
9iX2zII5UVw	playing_violin
9Srnaag2tCo	playing_violin
9uxt7KfzYAs	playing_violin
9vqhXud2aos	playing_violin
9ZFgwiAZzWg	playing_violin
10RkjPIguAY	playing_violin
17ivLGFukBc	playing_violin
26Ti4i2BNdM	playing_violin
41HkJUS2t8Y	playing_violin
45OqV0DlKGk	playing_violin
51CsCGm7nQc	playing_violin
52gZKC7x3uA	playing_violin
60U-HN7K6-w	playing_violin
63oKr50vbh0	playing_violin
63udpxlsx5I	playing_violin
74BDV0z_bvw	playing_violin
81bH4bLlIIE	playing_violin
567Wla8mdJw	playing_violin
4210qqkTJFo	playing_violin
A4EWpEPWYag	playing_violin
A7vug1WTW8E	playing_violin
AA_XVhso6IU	playing_violin
ADj0oKw5lUk	playing_violin
AF3kUFbe998	playing_violin
AF12ZPv8tek	playing_violin
AtTsBqHmtHU	playing_violin
AvC3EQDZPk0	playing_violin
AYiactWYCrc	playing_violin
B0YrovPFxdI	playing_violin
BGBhdmaeIjE	playing_violin
BMhnTdy-A0M	playing_violin
BmjMn_XS9S4	playing_violin
Bnyj8gKl9v4	playing_violin
BPlzQl2Cy48	playing_violin
Bx_Qs_rl754	playing_violin
C7OFEkOdODo	playing_violin
ChEmnsjAkkY	playing_violin
CpCS3B8XFK4	playing_violin
CpQwk6A0AWU	playing_violin
CS6gtfNSJ1E	playing_violin
CY6U0_vGc1E	playing_violin
D_0lOt5L-aU	playing_violin
DBn0Ggw6ATs	playing_violin
DdU7S1lnZM4	playing_violin
DgO8I96gEXo	playing_violin
Di1F8GUvEtg	playing_violin
DJrbJW3TG9k	playing_violin
DK-yKlQPSR0	playing_violin
DlGNHX9er3Y	playing_violin
DPMEoIfxrZY	playing_violin
Duk5ikgbUfU	playing_violin
DuQ3Xpb8Leg	playing_violin
DY9Xm0boaeA	playing_violin
E01buze8l3k	playing_violin
EbohwNbt6Ds	playing_violin
EEP5HPxGivo	playing_violin
EFKRvfkyyxE	playing_violin
EI1IiU1AvbM	playing_violin
EpQbUL3o7NQ	playing_violin
ER3udhm3ORs	playing_violin
EsFDIkzs8qA	playing_violin
F0y4iL0gnpI	playing_violin
FcRado1unf4	playing_violin
Fib4s_p7oaE	playing_violin
FjlzESbCu3M	playing_violin
FwVYUHKoLtQ	playing_violin
FYpqKaKmtfU	playing_violin
G-KeLQQ-84k	playing_violin
GBFAkHGUDWQ	playing_violin
GjMWh0gj1hg	playing_violin
GNfzkTzoWSo	playing_violin
Gu8xEEPJOms	playing_violin
HC9PNHiHk6U	playing_violin
HcEX6Sfc7GI	playing_violin
HdKF2nxsV9U	playing_violin
HLyeGb5Vux8	playing_violin
HnqXdu-HAKA	playing_violin
HnwAL8E_HUs	playing_violin
HQlV2jYCz5k	playing_violin
HrCuyJBt444	playing_violin
Ht7w7_T_cck	playing_violin
HuzTP9tI23c	playing_violin
Hv46ZVtvWJQ	playing_violin
HVZO2O1lThQ	playing_violin
HY4UcH1BAZ8	playing_violin
I4LhkIdUViw	playing_violin
IhkA4_KpHSg	playing_violin
IHS3h8E7MaQ	playing_violin
In01nnhU46w	playing_violin
IOgX_sYAeOM	playing_violin
Iv8ABlNLyU4	playing_violin
IW-ELVOdAjY	playing_violin
J0GF7AdrUas	playing_violin
JBf4YmzFvuI	playing_violin
JcXS1rZxQ9M	playing_violin
Je7Ons-UG-k	playing_violin
Jfsj9ZqDle0	playing_violin
JPHLbRPXChk	playing_violin
JrjNd3mNj10	playing_violin
Jw6pN4bxo_Y	playing_violin
K5fKcdhqAYw	playing_violin
K6iYKdeTbmk	playing_violin
KMfwplwvb0A	playing_violin
KsTCZBBW-Nw	playing_violin
KUdXkdiuJ68	playing_violin
Kvo7G-ngESo	playing_violin
KZCPZ4P_Vmk	playing_violin
L_p4dsXsnlQ	playing_violin
L2aEgKAwKu0	playing_violin
L7zvN1IZClg	playing_violin
L8Hre74256I	playing_violin
LP8goVFFZys	playing_violin
LPaRBMnW6MI	playing_violin
LZ03Oc12LZg	playing_violin
Lzfve0wQpAI	playing_violin
M0YY4aWfNMk	playing_violin
M2wTsp9XAcM	playing_violin
M78fX7KZiw0	playing_violin
Mx7Uy8OIm9A	playing_violin
OFgOfzR9f4A	playing_violin
QxppvtZYSn4	playing_violin
0A8GDN9x_6Q	playing_glockenspiel
0ESYUQpaKR8	playing_glockenspiel
0LCJuezFrmA	playing_glockenspiel
0ZvbCKgkh3M	playing_glockenspiel
1Pj3SUrPpqs	playing_glockenspiel
1sU-714VebM	playing_glockenspiel
2CqLYwtb3Rk	playing_glockenspiel
2f_MMVvjBTQ	playing_glockenspiel
2FKC9GpKN0w	playing_glockenspiel
2VF4sB9N0Y4	playing_glockenspiel
2WR20WVZGqU	playing_glockenspiel
3oKU4vkcIto	playing_glockenspiel
3oRgfwIXPEE	playing_glockenspiel
3Wzf3ozYxdI	playing_glockenspiel
4jnOpT78B7o	playing_glockenspiel
4p8hJPMm3D4	playing_glockenspiel
4v3XfIpKpvE	playing_glockenspiel
4yCN1HMHgGE	playing_glockenspiel
5rQzpw4J7ss	playing_glockenspiel
6EfT5x56jy0	playing_glockenspiel
6k54aEMkp-w	playing_glockenspiel
6ppswKv1mG0	playing_glockenspiel
6QAqkGOYYJM	playing_glockenspiel
6rWSh5otv3k	playing_glockenspiel
6sVEjiEbjSI	playing_glockenspiel
7a-Nmlmmp90	playing_glockenspiel
7GCnd50ObeM	playing_glockenspiel
7iCOW3XfWRo	playing_glockenspiel
7OQ3PRe4xJ8	playing_glockenspiel
7rVM43viFmY	playing_glockenspiel
8-P7ENDhg8U	playing_glockenspiel
8Em3WYBIE5M	playing_glockenspiel
8HVrgMqRRDc	playing_glockenspiel
8ytjUazIdno	playing_glockenspiel
9iVXo63CIDk	playing_glockenspiel
9T1_xLVfPAI	playing_glockenspiel
06v9SZXB004	playing_glockenspiel
10GIEUSzTzg	playing_glockenspiel
14infjA291s	playing_glockenspiel
17wuoOULeY0	playing_glockenspiel
621RqifOlNo	playing_glockenspiel
65RSSp0sA98	playing_glockenspiel
69pGYTYSEug	playing_glockenspiel
723nQYKZgtY	playing_glockenspiel
8082eX53org	playing_glockenspiel
97YTICvmlAU	playing_glockenspiel
A1tQmvh2v4k	playing_glockenspiel
A2VrOi75_jg	playing_glockenspiel
A9LUV-RADRw	playing_glockenspiel
AdUD8NtDNpQ	playing_glockenspiel
BIdHpHU42Ak	playing_glockenspiel
-bphV2LJ19k	playing_glockenspiel
BqHjakBDaDA	playing_glockenspiel
BQt2tShMHLs	playing_glockenspiel
BrK7gznkSwU	playing_glockenspiel
ccpH-zjLrss	playing_glockenspiel
Cff-UT8famY	playing_glockenspiel
CIaS9g6pn6k	playing_glockenspiel
cnuxa23G8Fk	playing_glockenspiel
cPf3cNf-9EY	playing_glockenspiel
cVNki3tTNJ0	playing_glockenspiel
cX1zEamYV80	playing_glockenspiel
D3ckhfbPVlk	playing_glockenspiel
DgHEdrbKZI0	playing_glockenspiel
DHoVXJe-MXY	playing_glockenspiel
DLyJAVC_ies	playing_glockenspiel
DnTG0DDxMT0	playing_glockenspiel
DqyiS-Fzkss	playing_glockenspiel
DUDZxeNXB6k	playing_glockenspiel
DWVbMniTKXI	playing_glockenspiel
EI4Pto9LnMk	playing_glockenspiel
EmoZko8PdrE	playing_glockenspiel
ExyQzYewgrU	playing_glockenspiel
EzO_3upse8Q	playing_glockenspiel
F-qiV913vDs	playing_glockenspiel
FL8RHi87Ud0	playing_glockenspiel
FS9QBLvmLz0	playing_glockenspiel
FslQGTUahRY	playing_glockenspiel
G6__pct5bis	playing_glockenspiel
GLOW2JIFOt8	playing_glockenspiel
GtrED5QrmU4	playing_glockenspiel
GuINk7UMOFU	playing_glockenspiel
H3RidSIRABI	playing_glockenspiel
H9bXKAy8QXU	playing_glockenspiel
HbDyj9DuNG0	playing_glockenspiel
HlKWSMWViY4	playing_glockenspiel
HUikGXJ2ALE	playing_glockenspiel
HY1VQKcDosE	playing_glockenspiel
I_QUt72H_VA	playing_glockenspiel
I2neGHowKpU	playing_glockenspiel
iBLgq-Dz49s	playing_glockenspiel
IF4cFJeQIro	playing_glockenspiel
IHsenuyeSFQ	playing_glockenspiel
iJeot52dNaQ	playing_glockenspiel
iK_CFXlP_Bo	playing_glockenspiel
IQQyJL8pbPU	playing_glockenspiel
iRwfzmm0if0	playing_glockenspiel
IsqzMTUIlK4	playing_glockenspiel
Isu53Tj3Lnc	playing_glockenspiel
It7hx2FNxUg	playing_glockenspiel
j_dQ9POpJkI	playing_glockenspiel
J917iLcnM0E	playing_glockenspiel
jCNRDkkz8aM	playing_glockenspiel
JiUOfjbs-Mw	playing_glockenspiel
JnSy5DdgABk	playing_glockenspiel
jPgPIxKg76s	playing_glockenspiel
JrckrQryUV4	playing_glockenspiel
JvbPpuZk9jM	playing_glockenspiel
-kNCc3fM7mQ	playing_glockenspiel
L_cCPFxq5Kw	playing_glockenspiel
lcS-o29eguc	playing_glockenspiel
LF3C6NlbbYk	playing_glockenspiel
LN2lzemtG9s	playing_glockenspiel
M1mckraO5_Q	playing_glockenspiel
m7cv8u9P-bo	playing_glockenspiel
MNmSMhjYLs8	playing_glockenspiel
mo_x30i1gns	playing_glockenspiel
MulUADA_hM4	playing_glockenspiel
nrBOf8vwjKU	playing_glockenspiel
oA1eViFyAtQ	playing_glockenspiel
OcIAbZ2B5QQ	playing_glockenspiel
OCkigMklnSg	playing_glockenspiel
oks7KHHdGEg	playing_glockenspiel
orijAi8oHfg	playing_glockenspiel
osaHJFotLrE	playing_glockenspiel
oVpsNM2OZUg	playing_glockenspiel
p8SUGdaLPzY	playing_glockenspiel
PA1UVDlPR3g	playing_glockenspiel
pQMjcTYSVI8	playing_glockenspiel
puemtZerC-c	playing_glockenspiel
qcHVQNpa9ck	playing_glockenspiel
qHYxXupnOxk	playing_glockenspiel
r0lQuDBXenk	playing_glockenspiel
RelVabnn1Is	playing_glockenspiel
riguAWoUU6c	playing_glockenspiel
rjl2sJx8RuQ	playing_glockenspiel
uLcCgYs7ow4	playing_glockenspiel
uUTKZNMjGS0	playing_glockenspiel
vUXfJos-YRw	playing_glockenspiel
wiFmH8JKmDs	playing_glockenspiel
wJ2gkSlGpQY	playing_glockenspiel
wpodkPXuR9c	playing_glockenspiel
wpW7nKeO8YI	playing_glockenspiel
wzG6arq-g5M	playing_glockenspiel
xdN3ulXwbbg	playing_glockenspiel
xDZjmkiMbEU	playing_glockenspiel
-XW1Bzw0CL0	playing_glockenspiel
xzFZldi5Zug	playing_glockenspiel
yrS6fIsX44o	playing_glockenspiel
ysXd8C735VQ	playing_glockenspiel
yT7-ipcRraw	playing_glockenspiel
yxvwHAnS5-4	playing_glockenspiel
zDKvCHhletE	playing_glockenspiel
zdoLnv8X4mM	playing_glockenspiel
_4wY-sb3BGM	playing_piano
_QXdYpKI9lQ	playing_piano
-03Hd0MBgQY	playing_piano
-5dtmOk-Q2Q	playing_piano
-C66I4YOr4o	playing_piano
-NpIi1FoTXo	playing_piano
-oIJ4vrZTUA	playing_piano
-R7YU8bHwBg	playing_piano
-StHeHGyakY	playing_piano
-uKCpJHTwZ8	playing_piano
-VIDhMaXaSA	playing_piano
-Wm4-PI6U5o	playing_piano
0BdQPL4sZvQ	playing_piano
0QeC0bYEi70	playing_piano
0WoWLoACt-Y	playing_piano
1FcwWT5dZDg	playing_piano
1GZq9AcFu_g	playing_piano
1mqE5FhYbDY	playing_piano
2HdaWygLPPo	playing_piano
2MGt89ZJCLY	playing_piano
2NpSSsBF4Xk	playing_piano
2Ol8WFWH3_c	playing_piano
3N5_BgS7y0U	playing_piano
3ZErCskXIHs	playing_piano
4A6lj86QJ6s	playing_piano
4BiiXbPZdvE	playing_piano
5briopN06L8	playing_piano
5ed5055CkmQ	playing_piano
5FpnDLUT3CQ	playing_piano
5uTW7R6AxUE	playing_piano
6qkgN0lH0cs	playing_piano
6QKjfgNLSRA	playing_piano
6Z1hiWQnDiM	playing_piano
7_moJQZ7yrU	playing_piano
7-p2sWznp-0	playing_piano
8ajXmQkaJXs	playing_piano
8yfFuIxiEDI	playing_piano
8zSDtubkLVA	playing_piano
9l3C_u_pQTc	playing_piano
9Mws7peFOFg	playing_piano
9OKldGLkcYI	playing_piano
9QjJixq93jA	playing_piano
09qUhBfyFcc	playing_piano
30x4aq1KIYc	playing_piano
74zyxQXH8V8	playing_piano
78V3nblykiU	playing_piano
A8wD7qAZI8g	playing_piano
AaaAgeWUuvg	playing_piano
AaDjdtpPs-0	playing_piano
aESanRCQ4qM	playing_piano
AgtciVcQW_k	playing_piano
aJnWxozj9k8	playing_piano
aL__8TbYW0M	playing_piano
ApSva_QTOD4	playing_piano
ava5mXZ3ofg	playing_piano
b8KSPuiPG68	playing_piano
b90VHYkGsZk	playing_piano
BCDPEwIRz4s	playing_piano
BIyFT6voGk0	playing_piano
boYCHQeENzg	playing_piano
BtT3BIZHMEU	playing_piano
cfWsBBSC434	playing_piano
CMvgidD4cBc	playing_piano
cNI5NQsi4zc	playing_piano
CYv6-qTDdss	playing_piano
DDeAjcedfyE	playing_piano
DKdgIAoZSZc	playing_piano
dn5n8s4FITc	playing_piano
dn9U54X-WF8	playing_piano
Do7Vn00En_E	playing_piano
DpVQhM2fxSo	playing_piano
DskxQvcY0qM	playing_piano
EaiB4-Dizms	playing_piano
eE9fPoswy54	playing_piano
elPLRuC8RNw	playing_piano
eNhnS-E1c14	playing_piano
EpqpLeILZvk	playing_piano
EsyH50y0YhE	playing_piano
eUiqBVUkkVY	playing_piano
F-xDFnyz_Yg	playing_piano
F5fvn8V0j-U	playing_piano
fW_1CNOQy10	playing_piano
fW6NVxZZekE	playing_piano
G1Oj47ygCmA	playing_piano
G2einOSg8AE	playing_piano
g4JxP8IV3rs	playing_piano
GhIKtrM8KKQ	playing_piano
GZfDojZJZqA	playing_piano
H6Km4Do59u0	playing_piano
H087Y1HFX4w	playing_piano
hdhKXTwLaTY	playing_piano
HKbkJd6I62o	playing_piano
hL66qmxPRQM	playing_piano
HmfCGoJGMiY	playing_piano
HokTklE1urA	playing_piano
HR_8lYLA81Q	playing_piano
IcVIt6e-LLE	playing_piano
INtoMpBNu6M	playing_piano
IpB76eTbtKk	playing_piano
IS9Mx6Bqr_U	playing_piano
J-k22a2zDU8	playing_piano
J7UQcyJYxM8	playing_piano
jAasVhATQ-8	playing_piano
Jn9r0avp0fY	playing_piano
JpIDR_o7fGI	playing_piano
Jyswgt_-XO8	playing_piano
JzGTHEQJm5A	playing_piano
k381Dt24Lac	playing_piano
KfyxK2-cx9M	playing_piano
kIcCsfjTbiM	playing_piano
kqZwU6V43ds	playing_piano
kXG9wvIPhZ0	playing_piano
kyPymabWmvY	playing_piano
KZO6ZvPMI9E	playing_piano
l0IRxx2HYnE	playing_piano
L71wo61KdRY	playing_piano
lboOdAwbE_E	playing_piano
LheyT6WSxkw	playing_piano
LHN9J7o76EI	playing_piano
liDQRLYu2EM	playing_piano
liGpB4wpav0	playing_piano
LlhQXN7vlv8	playing_piano
Lm0iwrxvl0o	playing_piano
lm5-S8TjAyY	playing_piano
LwFe08rcl8k	playing_piano
lXomrow5aZ4	playing_piano
lXsgRZASyEg	playing_piano
ly2hdkG0Eg0	playing_piano
m4YdXBcwe4M	playing_piano
M6_yuMaYxFk	playing_piano
MAlKAFqXGMY	playing_piano
MIYBdV60ZIc	playing_piano
MoJvvL89tqE	playing_piano
mS9XwiM4vbI	playing_piano
MScGcBjNoL0	playing_piano
mzEG8_6TmzA	playing_piano
N42C0BsWoh0	playing_piano
N387HQu3Hws	playing_piano
nh40c0z_2ms	playing_piano
NHr-u2VKyQA	playing_piano
NPbK6I3b6rs	playing_piano
NRqTx_Wf1T4	playing_piano
nvqZQr3SAQs	playing_piano
nW-x55dg2Pw	playing_piano
NXdyIjnzMQQ	playing_piano
O_LEFa_rgwc	playing_piano
oALNTALvUm0	playing_piano
OjFY_3AxJMs	playing_piano
Olz4aBiFtOo	playing_piano
opPFOPFGr7Q	playing_piano
OqAhTPqNVWc	playing_piano
oYnDenOS6oA	playing_piano
p7rPHVkcRLI	playing_piano
p8L1eligpBw	playing_piano
PDAB6S8V_5Q	playing_piano
pFhi1A36tN0	playing_piano
ph5lJPxQfZY	playing_piano
pKA46c0BrDw	playing_piano
pN1SyoKK58I	playing_piano
pts4wyTF7IM	playing_piano
pVQ7i3eAgYQ	playing_piano
pw34ecRYvaY	playing_piano
q-4Fd6CMStI	playing_piano
qMKO8bQpzMg	playing_piano
qQnBgus62u8	playing_piano
QV-8QSE1SQM	playing_piano
R8tE5pYdwIs	playing_piano
rCKxsIQ03hI	playing_piano
RqryUVDO7bw	playing_piano
S7NGvpfYmn8	playing_piano
s9Ye2i1F-_o	playing_piano
scsQZWWwxmY	playing_piano
sgKKBbe8CW0	playing_piano
sGo9mwY6cqk	playing_piano
SkEDET8NwmE	playing_piano
skeFawZe__U	playing_piano
slzl17ljtNo	playing_piano
SQz29-4O6u0	playing_piano
T0fXA2mXjgE	playing_piano
tBSDfqct4V0	playing_piano
tFWC86tO6O0	playing_piano
tkVfghdys4o	playing_piano
TOIPHqa0HvU	playing_piano
u11zgdTvdT0	playing_piano
uAl-gZBDR1c	playing_piano
uboLnhO-wVI	playing_piano
uhoMycuZ8zw	playing_piano
upkyfMoU_Kw	playing_piano
ur33zPD9BCc	playing_piano
v4fDvwx__1I	playing_piano
vB5AMmhXGQI	playing_piano
vHgO0QBaBYQ	playing_piano
VXfpu9duMmo	playing_piano
WdUEF6lGGZ4	playing_piano
wIwML67Co7E	playing_piano
wKzibne0RHI	playing_piano
WoA3qCAOzg8	playing_piano
wUsxkfYPABg	playing_piano
Xa_C1QRFETQ	playing_piano
xcn3rDt_LyY	playing_piano
Xkvd3JBI5YI	playing_piano
xQX-n-021ck	playing_piano
xtJrjTPMQAI	playing_piano
YGnBo7nRrvc	playing_piano
z-YS0dwc8ic	playing_piano
z6r_Kxy36Io	playing_piano
zirVk09rFiI	playing_piano
zyGCNP-bm3E	playing_piano
_-R5EPaybpk	lions_roaring
_fdY5ZOOBWI	lions_roaring
_Xha6m87OOs	lions_roaring
-QlgGKvOyqs	lions_roaring
-wvdBDsvSmc	lions_roaring
-x7xMm47pfc	lions_roaring
0p-KmzyVg-s	lions_roaring
0s4KwPvpnPo	lions_roaring
0TqOnQyMK_Q	lions_roaring
0WwxN4pYDcg	lions_roaring
1-9ryaEsFc8	lions_roaring
1uaOgz0VAVI	lions_roaring
1V4dOLDD02Q	lions_roaring
2C4P_aYRC0o	lions_roaring
2FaEyGOJwG8	lions_roaring
2PSepowyWHE	lions_roaring
3BHYWTnZIvI	lions_roaring
3IfmCBzPLL0	lions_roaring
3Jl-v4JL2WQ	lions_roaring
3pJUVMoajmM	lions_roaring
4rchqZSw9DY	lions_roaring
4t7b588zSvI	lions_roaring
4VBd7XmgsTc	lions_roaring
4y7zBxH_gpU	lions_roaring
4YTzxIjvOb8	lions_roaring
5kbx02R8_Lg	lions_roaring
5xOhn5QpvdE	lions_roaring
6hsxQ-SR16s	lions_roaring
6YS3ewiOBkU	lions_roaring
7ibdv2abCWc	lions_roaring
7okW6RTakuQ	lions_roaring
7qx057kqx1E	lions_roaring
8lyqna6SHVM	lions_roaring
8nGSHp1kQZY	lions_roaring
8vsS5ZEmXzU	lions_roaring
8Wy9ea-YVLs	lions_roaring
9aR-uBVtrVA	lions_roaring
9BJPwzWB0Lc	lions_roaring
9f9JuUnRZvY	lions_roaring
9IIKUunyzM8	lions_roaring
9S4-bVB6v0Q	lions_roaring
53ogMQWPV30	lions_roaring
57Q_RHO0qA8	lions_roaring
76afhOA4dWI	lions_roaring
76F-K-7HUXE	lions_roaring
A2FMM_PmPf4	lions_roaring
AcDC26-jBvw	lions_roaring
ALytn2yGqjk	lions_roaring
AMXFQ7m9nAo	lions_roaring
AOW344Uyo8w	lions_roaring
ATq96KU_biQ	lions_roaring
aUfDxRelPHg	lions_roaring
B7m_WMOF87U	lions_roaring
bao0ROlaAbI	lions_roaring
bBMcsO6IeDE	lions_roaring
Bbq7hUbE6Eo	lions_roaring
Bi0wF7k2M4A	lions_roaring
BMZXJzg3aAY	lions_roaring
bO1phvRbVgo	lions_roaring
C0i90WmUMvE	lions_roaring
C5tzeUl8v48	lions_roaring
C7ybHpzT-Wc	lions_roaring
d-adbXZYHxI	lions_roaring
DdiIdDTQKck	lions_roaring
DpOPNpRDZMk	lions_roaring
eD21sJSqdRs	lions_roaring
EuioIfltimc	lions_roaring
EVaKVCwJJrQ	lions_roaring
EY0X2RQh8hM	lions_roaring
eyAG9cpCCVE	lions_roaring
F_w7uu4hmLU	lions_roaring
F-p8xsDSjnw	lions_roaring
f3K0GkgpdFc	lions_roaring
fIDq3VsjHhw	lions_roaring
fitvl1TDa1Q	lions_roaring
Fs9VaQ4xZy8	lions_roaring
g3UEFZOob4E	lions_roaring
g5F9kDpxRaA	lions_roaring
G7StfbQcxDU	lions_roaring
GCDWVj9BjU8	lions_roaring
gdf3RHRw72g	lions_roaring
Gjm6cryaCZY	lions_roaring
gLkNM6pjAYk	lions_roaring
gOaQmkAlhUA	lions_roaring
GpYx4VydZPQ	lions_roaring
grEEcC2HRQE	lions_roaring
Gwlez841U_I	lions_roaring
gyioxO7fWzI	lions_roaring
h__0vbbAGzs	lions_roaring
Hasc2nx7tO4	lions_roaring
Hk7KpspDimc	lions_roaring
hLx5XTg52_M	lions_roaring
hU9pd28hyhc	lions_roaring
HYs1UBfffgY	lions_roaring
i8UEZCoSaJ4	lions_roaring
IAZfBOEmwNc	lions_roaring
Iejp01l-1uw	lions_roaring
JkXALkgWLu0	lions_roaring
jl2SChP6XIg	lions_roaring
jraApJc793s	lions_roaring
jrwk_oKmP4M	lions_roaring
K-7-zllab5s	lions_roaring
KQAR_64a35I	lions_roaring
kuH7oqSAcuY	lions_roaring
kveQk1U0or8	lions_roaring
L7vPkRtLOec	lions_roaring
lFGeZ5_Cdsg	lions_roaring
LnZke14BYM4	lions_roaring
LS6BIaF2-2w	lions_roaring
lTgmR3ZDsf4	lions_roaring
lWJU0K2Ic_g	lions_roaring
lwNQHu8yYwo	lions_roaring
lxC9rtCWzXw	lions_roaring
LyUa30uGBhQ	lions_roaring
m0nQ5Mc_uPk	lions_roaring
MSSXU2oUydk	lions_roaring
ne3FEwgc3-g	lions_roaring
NgAjity9FRs	lions_roaring
NqSxZ2ZmjSU	lions_roaring
nrD7IWjYapc	lions_roaring
NSYSX_7fwag	lions_roaring
NWS4TnBMJo4	lions_roaring
o0Tb1dLPfz4	lions_roaring
OGjPYLXSHGo	lions_roaring
oHoc0XAIAEc	lions_roaring
OS0pZDPZWc8	lions_roaring
OwDHloaTC6Q	lions_roaring
pC24FU_7YNs	lions_roaring
pgTZBjwf3qM	lions_roaring
pHwSv1mTFuU	lions_roaring
PJBFnqfLM3c	lions_roaring
pMOQikEqxdw	lions_roaring
pTAuLfGIlkQ	lions_roaring
pWjPpvzAjc8	lions_roaring
q7B9PMi0w2E	lions_roaring
qDoMWd3OS5Q	lions_roaring
QoAPCMemAJw	lions_roaring
rcihmyV7tuY	lions_roaring
rde0JLctxCI	lions_roaring
RdNR2GQqrj8	lions_roaring
RF-ULxC-GkA	lions_roaring
RiALpmMWRCM	lions_roaring
RsYAulhucVI	lions_roaring
S6HxsEBNcKw	lions_roaring
s9rXzaZ6JmI	lions_roaring
Sc-Nrze92ps	lions_roaring
sPm0vT9fyoY	lions_roaring
srsXEvgEuZU	lions_roaring
SUi1cbR4mC8	lions_roaring
t0ZM-bMQDtI	lions_roaring
T4J4Lk1yclM	lions_roaring
t6ptMKWbhew	lions_roaring
TayNYGwtSO8	lions_roaring
tbGbBpbCBvA	lions_roaring
tdC33AXcezQ	lions_roaring
tDpFXX24QF0	lions_roaring
tEfjBCYLEVI	lions_roaring
tYMYS3w-aYY	lions_roaring
uAyp9mSzQ_E	lions_roaring
uN6BTh8cRVE	lions_roaring
UNGwgf483mA	lions_roaring
Uu0JuSNp5V0	lions_roaring
uz2pxQKVBmY	lions_roaring
VuCQa_LQr38	lions_roaring
VWvzAiZ2qgU	lions_roaring
WB1JnVKFbEA	lions_roaring
wp9MEuoliZM	lions_roaring
WY6Csz4RREA	lions_roaring
X6WekCEADJs	lions_roaring
xVstP8rMPKI	lions_roaring
Y9gNUlbi04I	lions_roaring
YOrImbuhsQ8	lions_roaring
Z880-NX-3dw	lions_roaring
ze_gFlJpIg4	lions_roaring
zYtkNpyuIrU	lions_roaring
_540cGuw2H0	baby_laughter
_UfFY6PSVu0	baby_laughter
_MDULwEwZJk	baby_laughter
3amPNuu8pig	baby_laughter
3gCD4JFbxuo	baby_laughter
5idaQec5hoA	baby_laughter
6sYbxYnwmqk	baby_laughter
73-r6Y7z_DQ	baby_laughter
bd_agq7o8gA	baby_laughter
be5W77UhvjY	baby_laughter
bjVfnULGpQs	baby_laughter
bPYvluJlwHA	baby_laughter
bQbjM25BSSY	baby_laughter
chL6t5TpzjU	baby_laughter
dZsg9dnfoR0	baby_laughter
ekmvk4NL6tg	baby_laughter
eOHBpSGaoiw	baby_laughter
eUOzr2OdqHM	baby_laughter
evmMzwES6bY	baby_laughter
f_qmU8r75Bk	baby_laughter
fNlxlPvqLmw	baby_laughter
FQUn70b4dUQ	baby_laughter
g8HB0spMfpI	baby_laughter
gjDQGGvpHZI	baby_laughter
gnFUxz9-ZCI	baby_laughter
gqeu03mjjRc	baby_laughter
iFwmUllLcR4	baby_laughter
iTfglfAWy2E	baby_laughter
JBEuhJeiYhY	baby_laughter
JCbD3CuQa1o	baby_laughter
JER358mHlH8	baby_laughter
JowRAi5YGi4	baby_laughter
jTd8I0nQHZc	baby_laughter
jV3fTTkgR5Y	baby_laughter
JVnyQw8ORJQ	baby_laughter
JyZMteaDzf0	baby_laughter
KCA9dQCeJM0	baby_laughter
kmTK_Y9R2qs	baby_laughter
KwiSnqxMzz8	baby_laughter
KZhSh9lwAoI	baby_laughter
l06ZeoHnHwI	baby_laughter
LGWA6yziPGQ	baby_laughter
LILHnSfoQ_8	baby_laughter
lp6k5RKX06A	baby_laughter
LsqusWNH-V0	baby_laughter
m_BHG-7T3iY	baby_laughter
m5UzW4ol8-E	baby_laughter
m8jgmPCgtqQ	baby_laughter
MZFFWT9yS68	baby_laughter
N-jJCxh7tqI	baby_laughter
N0RMZy1TcNE	baby_laughter
N7DSBjzHU_Q	baby_laughter
nftIdrYfmeo	baby_laughter
nJx0BGsk5LA	baby_laughter
nlLQWRZOipc	baby_laughter
npsFmFCCjFU	baby_laughter
NQKRncc6YX8	baby_laughter
nRDysNZdMvU	baby_laughter
nvTFsCeb92I	baby_laughter
O1wEumOtzEw	baby_laughter
oaKjgVILwDw	baby_laughter
OFj0N5MGejo	baby_laughter
OhJBGC_X_WE	baby_laughter
1OFDyTzUj24	male_speech
1pWxMCjOj7Q	male_speech
1QDOcfA2lqA	male_speech
1Rbf-6DaNSI	male_speech
1S0JFYuFTyk	male_speech
1s6xOx6Az-Q	male_speech
1sDKR0cDd8c	male_speech
1Sn50N9_qTU	male_speech
1XLavdLvIoc	male_speech
1xrKuQw0Ayw	male_speech
1y1LO1oIwLM	male_speech
2_JlSdRCg7g	male_speech
2a9nwT91Cuo	male_speech
2jBbnnkGXL8	male_speech
2NBwt24PTe0	male_speech
2nEhDlYHT-Y	male_speech
2pTrqI02CAU	male_speech
2RHtmlS-Ezc	male_speech
2tasnlJcA08	male_speech
2tPAbgpeYkg	male_speech
2UQ9v6Uyafg	male_speech
2v8kCGNsohM	male_speech
2wbP0fPlpi8	male_speech
3a4NTNbEIDA	male_speech
3DmJN-j5Xtc	male_speech
3FE8j7NBfbU	male_speech
3fY89FpxcdQ	male_speech
3H8pdyG9Wso	male_speech
3lKaSfWtAko	male_speech
3NYp1ocTkFo	male_speech
3pYJi5e-i9w	male_speech
3sp7-5pJXYg	male_speech
3svqgnIP8J8	male_speech
3T0g5wI0ZsY	male_speech
3uegJAuXyG8	male_speech
3WbUCxiuwIs	male_speech
3ZDqlRN2xQI	male_speech
3ZF94E1Fqog	male_speech
4_j8t1KKQ9w	male_speech
4_rZQ7rXl8Y	male_speech
4bmH5rXWS7I	male_speech
4DrqZfZnF5M	male_speech
4g7ilnLBh_U	male_speech
4hEnc01zRHo	male_speech
4JxMhLR9Kr4	male_speech
4kc4DrKg06M	male_speech
4kfV8c7ibDc	male_speech
4kxX9wpOKnA	male_speech
4Mk4bWSEnyk	male_speech
4Nz4Y5jq7ak	male_speech
4OV5W4TknN8	male_speech
4U2SrLUlKm0	male_speech
4VYFZbVtWd0	male_speech
4WZbxYGy3As	male_speech
4yUvamNdrOc	male_speech
5B0vOqiBItI	male_speech
5bcWho62nOw	male_speech
5cRExGLxfrU	male_speech
5EkgOiOGytY	male_speech
5Ekh5H-aBkA	male_speech
5EW4tgQCOjk	male_speech
5HEXLybrx74	male_speech
5hSYne-34xY	male_speech
5jjXzqnvVls	male_speech
5lxhhJJBIXo	male_speech
5mZNntaYEZA	male_speech
5NKfOLgdOgw	male_speech
5NReawzZDnE	male_speech
5oyJb-UZKjQ	male_speech
5pDbUFv5cJw	male_speech
5R4VDCfvRsw	male_speech
5RIdCKaptnA	male_speech
5RSaBoDl_9k	male_speech
5usK_3X2sWE	male_speech
5WnOB0zr8lw	male_speech
5XJCM4-UJtE	male_speech
5Xr5LN-179s	male_speech
5ztaUkBZ1XY	male_speech
6_Tuq57GA3c	male_speech
6bshsuLS6wA	male_speech
6catNT25RrU	male_speech
6fo1MiQB-wM	male_speech
6Kcuq6rxXIk	male_speech
6m8w5dqPbSk	male_speech
6nvpe6V2Z80	male_speech
6OdowdMXONM	male_speech
6qukGMlzi8A	male_speech
6RDnl3NFgsY	male_speech
6SnNgIK_PW4	male_speech
6t7ex1vMFpg	male_speech
6thKra7M8So	male_speech
6URz9F5WB5U	male_speech
7AsU9_enF0o	male_speech
7cbDieK6Qjg	male_speech
7d_oVEzI7os	male_speech
7DwnnywY58A	male_speech
7fQzowk1u90	male_speech
7GdxVcTMrpA	male_speech
7iDeT13gpsw	male_speech
7ILKcRVJ9Bo	male_speech
7l7ahtEKfRs	male_speech
7LDhGIQ0je0	male_speech
7N9KdQE6HB0	male_speech
7oHHCFuGm4E	male_speech
7QOwGFo2_f4	male_speech
7S1MgvQcB8M	male_speech
7VEsM8fN1RM	male_speech
7wG2512L5U0	male_speech
7xTqZLzrmmY	male_speech
7ye2JP0e3IE	male_speech
8Cl-_ONJOes	male_speech
8GLBACJNNg8	male_speech
8JDJBx0WvSg	male_speech
8MJGjWYFI-8	male_speech
8N8bqYwXIxY	male_speech
9CP15PUwuMw	male_speech
20ULjbHhyfk	male_speech
21MXZZeg0vQ	male_speech
22VZxGnAnKk	male_speech
29e-gW8Q9xc	male_speech
3-v3KoiWes0	male_speech
31lfj0VEDR8	male_speech
34KKjNfDPtI	male_speech
35s1Z0_Hxdg	male_speech
4-bUsb4JIE8	male_speech
42LpCZPxqtg	male_speech
46UJHrK007M	male_speech
50gCCFjjY8s	male_speech
517vl-qXL7w	male_speech
55bGnVpdr9w	male_speech
58y3284_0ec	male_speech
61IgT8GXMcE	male_speech
64epE-m1-ns	male_speech
660FUDNnYy4	male_speech
66WeMS9xniE	male_speech
67u1JT6ZFAM	male_speech
69T2FoZyCl8	male_speech
779Sy5DHufU	male_speech
79Zv0IzvL_Y	male_speech
80CI1JQVG54	male_speech
81-2aqcsT7s	male_speech
81I8uGF-Lxk	male_speech
81Wx-SaPSXI	male_speech
83ZAteBF-iY	male_speech
84viJ9ZOCms	male_speech
88b577GQ21M	male_speech
88kDGM1hpsY	male_speech
bnFZy6N2TS0	male_speech
bzDY2asV0mc	male_speech
Cbvp4ZD6QDI	male_speech
cE5Yihyqup4	male_speech
CjBDGHcA65s	male_speech
CjeiumaSHmQ	male_speech
cmnt4ZB76SU	male_speech
CpCidDMlXxc	male_speech
_-2Juad6tOo	lawn_mowing
_mB-DrTf79o	lawn_mowing
_pkB5RpsuXM	lawn_mowing
_u8a2bwbl8g	lawn_mowing
-ac1DBo8VzE	lawn_mowing
-bxu7eXtSaE	lawn_mowing
-njgrtk9oEI	lawn_mowing
-rmsTQG908c	lawn_mowing
-UjHThfWx_o	lawn_mowing
0CzC0-cXe8M	lawn_mowing
0RgNwWhZKXM	lawn_mowing
0sjF_jG4-B4	lawn_mowing
0uMfGF-Hsck	lawn_mowing
2kMPSBp6HQo	lawn_mowing
3v0Yt6xC5og	lawn_mowing
3zW_8oVCG44	lawn_mowing
4bmQQxR4Yxg	lawn_mowing
4YrWoJ0hRz8	lawn_mowing
5SVpG8o3sQU	lawn_mowing
8B0vEz9UodQ	lawn_mowing
9E5qTgEKnBY	lawn_mowing
9goyTEefWt8	lawn_mowing
36t6Zoc7h-I	lawn_mowing
095CdSbYrFc	lawn_mowing
AB42sGdZ0TQ	lawn_mowing
AL9pqcOjpGQ	lawn_mowing
asIKYiwe1-0	lawn_mowing
aYT8oaOv95c	lawn_mowing
Cfong6fYc6U	lawn_mowing
d8bMborn674	lawn_mowing
ddsNp72uA_8	lawn_mowing
Dr_-zUGRjAo	lawn_mowing
E22HBR9rEkI	lawn_mowing
EHiNnO7ZU9I	lawn_mowing
eSEWJoWf_UE	lawn_mowing
giZ0AeaiKG0	lawn_mowing
HfD1GeaAp78	lawn_mowing
hrbOnXRoayg	lawn_mowing
ixeQV0pqcTI	lawn_mowing
KWqZGTZQUwA	lawn_mowing
lbhn5xknKO0	lawn_mowing
lOB3hagJdJA	lawn_mowing
lqkqXDSuVJ0	lawn_mowing
m4n7glm29B8	lawn_mowing
mhiuSeEhjic	lawn_mowing
mZeNbLxPpZ4	lawn_mowing
OqtEr5Y4E8E	lawn_mowing
qb7LY2KPGg8	lawn_mowing
qQ72RLPMo84	lawn_mowing
sh-XNZSVfo4	lawn_mowing
Sh8VynLQvJ4	lawn_mowing
szvSs8yUaUQ	lawn_mowing
TcLOEROhmQ8	lawn_mowing
TlhPzddOQKw	lawn_mowing
uYD99DIo3LM	lawn_mowing
ze0sa2-OryM	lawn_mowing
zimraU2bmGw	lawn_mowing
_dRqfb20DdU	playing_ukulele
-6R3wpks5Jg	playing_ukulele
-8Zeh__mQWY	playing_ukulele
-dD8TEWUE0U	playing_ukulele
-qB-Uz-0Bvs	playing_ukulele
-Z5EdwWjdwg	playing_ukulele
0_IpxftJCCo	playing_ukulele
0gah3zIgkgs	playing_ukulele
00pOYhQi0JY	playing_ukulele
1HWXmpGplZ8	playing_ukulele
2Mal_mf_Ax8	playing_ukulele
03FKtpwxQ9c	playing_ukulele
03pl-tlTpxI	playing_ukulele
4afC_5XM6q0	playing_ukulele
4cJg6GOkXv4	playing_ukulele
4Iz2-1AbiD4	playing_ukulele
4S-Gub71djg	playing_ukulele
5bTE5fbxDsc	playing_ukulele
5jdY5o-xXQ4	playing_ukulele
5nD0IZutR4o	playing_ukulele
5xbsjMpkWAk	playing_ukulele
6ix6YtzZQgY	playing_ukulele
6RBc4E7Fgf0	playing_ukulele
8OXOwCahOOU	playing_ukulele
8RqPYL2L-js	playing_ukulele
9klHi8Gt8OA	playing_ukulele
23x62LQt5p0	playing_ukulele
78iDwLevuKg	playing_ukulele
86B0ydDX-ys	playing_ukulele
AD_lPXb5ivY	playing_ukulele
aI2PD0lUW68	playing_ukulele
BB0CbCOUi3w	playing_ukulele
BCdKYzbtUmQ	playing_ukulele
bvI_TsuqyD0	playing_ukulele
bVUN8_Ah9kg	playing_ukulele
cy5AW3dRVK0	playing_ukulele
dyN3SAp0UYM	playing_ukulele
e5P8M8fF_Xs	playing_ukulele
emtjWeYTDcU	playing_ukulele
ErMWX--UJZ4	playing_ukulele
eVPIuu3zSGA	playing_ukulele
EWJ8UKbMHR0	playing_ukulele
FOJgJN4K50Y	playing_ukulele
FudSk5EUbAY	playing_ukulele
FXmivdj9aNY	playing_ukulele
fzS-_6oQKrs	playing_ukulele
g0DcSWH2O5E	playing_ukulele
gdD4CUUnqVI	playing_ukulele
gQpWa7FWSmo	playing_ukulele
gTx9e8ZtaBw	playing_ukulele
GWfebJBr_J0	playing_ukulele
gxZ2WIQJUXQ	playing_ukulele
iTRo5vxok8w	playing_ukulele
jmU3Idc1iC0	playing_ukulele
JnHUCnS97x4	playing_ukulele
jsqAV08I9VA	playing_ukulele
kbGFPjosR2o	playing_ukulele
kCunbnjBIfE	playing_ukulele
kFkL4dSwIAQ	playing_ukulele
kWKKdesyL3c	playing_ukulele
kyPSFCm_gt0	playing_ukulele
lDTiKYPRo0A	playing_ukulele
lJ8TKjNZlcM	playing_ukulele
Ljmm1wCssJg	playing_ukulele
LjxhswBV1UA	playing_ukulele
ltICkcOXKGU	playing_ukulele
mW5_chAgg8c	playing_ukulele
nKgf9pr6qCo	playing_ukulele
nOuL8Fcjpyw	playing_ukulele
O8r8h58ZwOE	playing_ukulele
oMm_iPGEUCI	playing_ukulele
oTWMOBoQqdM	playing_ukulele
Pf_5TncWkIM	playing_ukulele
PkSJFoNUGIE	playing_ukulele
PLaTWbWTc3Y	playing_ukulele
pw-RgDovdSM	playing_ukulele
PwbqGe4gB2M	playing_ukulele
pXbB4cK3CJ4	playing_ukulele
q3XUw0ok92g	playing_ukulele
qCOn8OgN66I	playing_ukulele
QMAuy8Jtnu4	playing_ukulele
qmc5nXMvp_M	playing_ukulele
qmoqEi-AVjc	playing_ukulele
QpmcGb1BffU	playing_ukulele
QPrSIQPpIO0	playing_ukulele
QrbczcybvC4	playing_ukulele
qsHoJclBzFU	playing_ukulele
qt-lsXXZCgM	playing_ukulele
QYMPYgEBxp0	playing_ukulele
r1jqySH-G10	playing_ukulele
R3jVEyYwspA	playing_ukulele
rdQMKq8NY4k	playing_ukulele
S5kxS83dPAQ	playing_ukulele
s84dIj4zzsQ	playing_ukulele
sArj9QUlk7A	playing_ukulele
sbfZLQXc8RE	playing_ukulele
sfmAeijj5cM	playing_ukulele
sGTKRyQdYmM	playing_ukulele
sQP4rxwR7sg	playing_ukulele
Su0J_4uJdGU	playing_ukulele
T6VnuGMDDqY	playing_ukulele
tbhBh2BgHBA	playing_ukulele
tccjNSAg8yo	playing_ukulele
TgJ2dg_8uAQ	playing_ukulele
ToRhrVMii7c	playing_ukulele
tqPKoNaeqq8	playing_ukulele
TuyTeNqzjjg	playing_ukulele
UluyM55Vfpg	playing_ukulele
UUV4s9emQKA	playing_ukulele
UVOUqXffaT0	playing_ukulele
uWq8Q_cIEwE	playing_ukulele
UWTCpGd17X0	playing_ukulele
UYZAAkulYd4	playing_ukulele
uz2uFpAuqiw	playing_ukulele
vkhdP3zJSmA	playing_ukulele
wF58K0YTSO0	playing_ukulele
WFHSs2hLVyA	playing_ukulele
wNJbub_sdaI	playing_ukulele
WTahO6HoLws	playing_ukulele
WTBSI76oQkY	playing_ukulele
WzATJZHkj8E	playing_ukulele
WZMjmYKcYlc	playing_ukulele
x9wtWLd88L4	playing_ukulele
xAzsRf6JNs0	playing_ukulele
xcGcEbNcg2E	playing_ukulele
xUIya_1502E	playing_ukulele
XVKD8nAua7c	playing_ukulele
Y_0IDdmpJdw	playing_ukulele
Y_E9zE4QXJg	playing_ukulele
y-UZc4RTmz4	playing_ukulele
yHyNEJEEfIM	playing_ukulele
yOWfRskzaOU	playing_ukulele
YpA091iTUE8	playing_ukulele
YS_zTwf-FRo	playing_ukulele
Z_gJZIBXgdE	playing_ukulele
zb5NmzGDzS4	playing_ukulele
Zn1CU4rRlwk	playing_ukulele
_GrqTKuk8x4	playing_tabla
_Ia5jgxHjl8	playing_tabla
_Ye6jnhjqd4	playing_tabla
_zErn0QtjU8	playing_tabla
-4cdRRPG3Wg	playing_tabla
-10VmSN3WzE	playing_tabla
-AEIKTejHRo	playing_tabla
-D58XABgrM8	playing_tabla
-HhLQTm8yTg	playing_tabla
-OffILgY7Y4	playing_tabla
-XnPjiPiRAM	playing_tabla
0aDxXpN5XdA	playing_tabla
0Cfc0r3l5Ww	playing_tabla
0gt_x76yq1M	playing_tabla
0ReRU3F4o4Q	playing_tabla
0zpBbj0xXII	playing_tabla
1Edjfqu5vgs	playing_tabla
1KcgO3pgNaY	playing_tabla
1n5Ya7aY-FY	playing_tabla
1qsZurB3MXQ	playing_tabla
2iY1K2XCfiI	playing_tabla
2M3BIg6pxkk	playing_tabla
2TsvXiPHM3g	playing_tabla
2Xv4MMEGj2E	playing_tabla
3d3Ph7yf8UY	playing_tabla
3Zg7skAmzLY	playing_tabla
4D2uZD_wjvs	playing_tabla
4fS56fYQ070	playing_tabla
5bnnqQYFVws	playing_tabla
5KpVNqZC6T8	playing_tabla
6iUNqRlXSpI	playing_tabla
7E3FQsTvSF4	playing_tabla
7EkYMPjSBco	playing_tabla
7HZ_Lumw0M8	playing_tabla
7PARSWINgOs	playing_tabla
7vR0SDgYTuY	playing_tabla
7xr718JcKgM	playing_tabla
8ED2TBXHAcQ	playing_tabla
8g__hbfAIlw	playing_tabla
8RoLU9cHxdM	playing_tabla
8RQww73dbaY	playing_tabla
8Zhiz_YKwqs	playing_tabla
9CS3XD7sYSQ	playing_tabla
9DtYImZlNXY	playing_tabla
9jYHyxOpUrA	playing_tabla
9u-m7Vx__h8	playing_tabla
9zzY481pxBs	playing_tabla
24bHAoZP4g4	playing_tabla
28urcBDSIjc	playing_tabla
95Bn1R4Mm3g	playing_tabla
379GT_UGqiI	playing_tabla
475tqxKBWVU	playing_tabla
529dD-00h8Y	playing_tabla
697y9q8LPMY	playing_tabla
792QCGbwgM0	playing_tabla
884QLkT8sBQ	playing_tabla
ActmNkPq6Kc	playing_tabla
AJ3BwmMuUmg	playing_tabla
AkUgP-HOu_4	playing_tabla
any_1GxewbQ	playing_tabla
aO4ommBFnLM	playing_tabla
APLdqysnbIE	playing_tabla
aUHfOzhQK7s	playing_tabla
AVx2yaVk0uo	playing_tabla
AVYfLFwcIhY	playing_tabla
AXDomj6KnkE	playing_tabla
AY17gRvdDJ8	playing_tabla
AyDMfTIgd_o	playing_tabla
B0pqRHZJA4c	playing_tabla
B7D91S9NES8	playing_tabla
BHv64mp5f7Q	playing_tabla
bpnVTI2ltm4	playing_tabla
bZt-MgO73kE	playing_tabla
C_70fUJJXfY	playing_tabla
C2Vvzwnwj4A	playing_tabla
c3BGmWiOJLo	playing_tabla
C8bbyvP8Ij0	playing_tabla
cCm_3X8GSGA	playing_tabla
cFyxJ27QVu8	playing_tabla
cNJjjRYSroQ	playing_tabla
cOC2hwaFJ5o	playing_tabla
cPeEUYfqXRk	playing_tabla
cqovlo-w7IA	playing_tabla
CzxHK_d8TTk	playing_tabla
DrLN36uyZJ0	playing_tabla
dZK4l0HiyhU	playing_tabla
dZUqnxxCr24	playing_tabla
eELPZbJF4p0	playing_tabla
eez9CpIrmw8	playing_tabla
EMIiVIF7za8	playing_tabla
EOzMqSLNheA	playing_tabla
Ewa83DhpsW4	playing_tabla
F0StNDt5xE8	playing_tabla
F5iRy7qcv-8	playing_tabla
FcWKSzCDDyI	playing_tabla
fegQklfWKtU	playing_tabla
fksKmveUNgk	playing_tabla
FmzIcBXCbxU	playing_tabla
fvoPbwEv9Gg	playing_tabla
g2zxm41cRNQ	playing_tabla
G9Kshu9BNW0	playing_tabla
GBAHyVgh184	playing_tabla
Gc0A0h1Wj-I	playing_tabla
gDRMzPUVDlg	playing_tabla
GGAKfBNT8oA	playing_tabla
GgExY9Nv-mw	playing_tabla
gIlZkDWyThc	playing_tabla
gTEgpg2BFPM	playing_tabla
gYK2RUjYbZM	playing_tabla
h03oO4v6OSo	playing_tabla
h6HOvshmIHc	playing_tabla
hc5FPVRmfyY	playing_tabla
hD5vDNKTIYA	playing_tabla
Hf4zT02INYI	playing_tabla
hFFQ4cWurnI	playing_tabla
hsaGiaXTS4g	playing_tabla
HtcVwxdVO7k	playing_tabla
HxXCHSl9twc	playing_tabla
i1rKSczUswY	playing_tabla
Ilupcxvb-ao	playing_tabla
IMM2rV0CZq0	playing_tabla
IN00pmkd-LI	playing_tabla
J1UKMiDs7RU	playing_tabla
J9Gt-4HRcdA	playing_tabla
j14V_Qxfh6U	playing_tabla
JGiTNiiYNXs	playing_tabla
JHR2PBxdSPw	playing_tabla
jLSJN94yroo	playing_tabla
jTZ3AqPLQiY	playing_tabla
JUk1U3p1qpo	playing_tabla
JVevxopJjU8	playing_tabla
JVuWtwcwkVo	playing_tabla
K1hGEkFnt7U	playing_tabla
KABAJUrN9lg	playing_tabla
KB-k5od1M3M	playing_tabla
KfCYNFgZnVk	playing_tabla
KMbS79olQxo	playing_tabla
KSWTHtGbBAY	playing_tabla
lf9JPGFfx_U	playing_tabla
LGO04YtusJ8	playing_tabla
LU7lpvfgBy8	playing_tabla
M2EgvXSDunk	playing_tabla
MAf3gGV0s7M	playing_tabla
MH1MqlYsIKc	playing_tabla
Mp0eHiugnlw	playing_tabla
mV-pApFX8wY	playing_tabla
N6BSbV3xeMc	playing_tabla
NKZGXWS_7mU	playing_tabla
O_XUD6_910U	playing_tabla
OfER0cuN31c	playing_tabla
OfuQv35ntUU	playing_tabla
OGTEa7S1_yU	playing_tabla
OHbREMdcj1I	playing_tabla
Ooiz2TRjSAg	playing_tabla
PSiU7jhUSn4	playing_tabla
PZfmRgFwuqo	playing_tabla
Q8NhXBg9G4Y	playing_tabla
Q8zglUeP5g0	playing_tabla
QGQEOFUJ16Y	playing_tabla
R3PAIKzub1A	playing_tabla
R5YmUmtwVc8	playing_tabla
RdvTKzdD9HM	playing_tabla
RhCvtfPT_yg	playing_tabla
RKrVPLSRkdk	playing_tabla
RtCTjw5b5LM	playing_tabla
RuNrMSerQBc	playing_tabla
SholcC0JVEg	playing_tabla
SqTDyDsarwk	playing_tabla
STBKUszmXe0	playing_tabla
SZSa7i9XeWg	playing_tabla
TrGCFujZv1Q	playing_tabla
U1l7xIgXLI4	playing_tabla
U2Yq_lnoJn0	playing_tabla
UayrZexCk6Y	playing_tabla
VJnlNvDr40c	playing_tabla
VKXvSnxHI44	playing_tabla
WfsfLQSROeQ	playing_tabla
WHiXtnVRSGw	playing_tabla
WNH9FAx-BwM	playing_tabla
WqEFpcdsmCE	playing_tabla
X1Wf4NPaXrY	playing_tabla
X1z17RzQFxE	playing_tabla
X2eLqUyWRys	playing_tabla
X4326pHTT34	playing_tabla
XBHNZgumSzg	playing_tabla
XJnKU_SXYlM	playing_tabla
XMbqV5i-74c	playing_tabla
xnuXC9XIkaE	playing_tabla
XYBaZ4a2u1w	playing_tabla
Y-SjGKNYtSk	playing_tabla
Y7EanZe8QCE	playing_tabla
YeOcx1ox5gQ	playing_tabla
Ypt4OeuoDYo	playing_tabla
ZZyatJXy5Sc	playing_tabla
_3sLoESUCfg	driving_buses
_8dKlPEnqAM	driving_buses
_O7JwtSY4yA	driving_buses
_QYbisnpKlQ	driving_buses
_sZzRgGlHvg	driving_buses
-0_vEaaXndY	driving_buses
-asB1JaTIy4	driving_buses
-kZVoaYYU6o	driving_buses
-sLXskQMFWs	driving_buses
0CFPiVzxuWc	driving_buses
0G0mSrzOZ2M	driving_buses
0lDi5WzL3Wk	driving_buses
0ml4dIfcnKg	driving_buses
0PGINPWtn20	driving_buses
0QCVJ1Xn6io	driving_buses
0XbqYXFS3I0	driving_buses
2EuKVpWHuy0	driving_buses
3H3g6xXCvwc	driving_buses
3iVMMcgKSZ4	driving_buses
3RtoY0e91l0	driving_buses
4C_XVreRipI	driving_buses
4kIMv2FIUWY	driving_buses
4mX-FX8A9uQ	driving_buses
4WGAHrLw40g	driving_buses
5_UNIL87iis	driving_buses
05fWVEnDyDA	driving_buses
5OlP_L5hD5o	driving_buses
6j_LyTxxO8E	driving_buses
6SkC8lCtr4w	driving_buses
6zau9TXNAjw	driving_buses
9h3m9rwmjnk	driving_buses
09S4On2TfGw	driving_buses
20SQ6TwjChc	driving_buses
44LCU509K5E	driving_buses
90273uapdG0	driving_buses
AuioFbJddXA	driving_buses
AuQKkJFCDQU	driving_buses
AwJ8orGuOXg	driving_buses
BatxEPedcd4	driving_buses
BNU4JwCGaMw	driving_buses
C8pcrdBZKFE	driving_buses
CmeKmN6Jr9I	driving_buses
Cs3XzJ8Kgkk	driving_buses
CVeGmthT028	driving_buses
DB5cVFz8HJE	driving_buses
Dhr13PvyCH4	driving_buses
DngVcyNfI_k	driving_buses
Dtlq3S0YIpg	driving_buses
DYdalOQnx1Y	driving_buses
Ei3WbKR7tmA	driving_buses
Fi4DtHepzuE	driving_buses
FpRrlfzvekQ	driving_buses
G13B0dAYqHU	driving_buses
Go73jv9lGz0	driving_buses
GOOg0m6LcKc	driving_buses
GPp_6vgE4pQ	driving_buses
H38L3Rt-aGY	driving_buses
HESc87zC1u8	driving_buses
HYotVrl2lmc	driving_buses
IHVNnkU7-To	driving_buses
J2oz92oTeKY	driving_buses
Kh7XIsiw1mM	driving_buses
KvQFvwh0dDc	driving_buses
L79TvKr5CcU	driving_buses
LsugBwnLN1Q	driving_buses
LYXCoaQTyv8	driving_buses
MX-JzznHHwM	driving_buses
N7zR50hZG2g	driving_buses
NE_wHDrIL_I	driving_buses
NQZrx85XlJk	driving_buses
ODC1iQg91y4	driving_buses
OGA2oTPTsE8	driving_buses
PrJ7hh9kZ3M	driving_buses
Pv0-98KngdA	driving_buses
PXBvcucFV3A	driving_buses
QgeRbQL-Oi4	driving_buses
Qkon5OB6GoE	driving_buses
QraRwa-zi38	driving_buses
R38xlymT8zE	driving_buses
RK7JrYO4joM	driving_buses
S2rcy6UP5Bg	driving_buses
S9QW1K0n_Jo	driving_buses
StuZejKnkos	driving_buses
SuNV7YwNy_w	driving_buses
TgPSiFEKB_I	driving_buses
TIoC2DFhZuY	driving_buses
TLi1S31gC7I	driving_buses
TybYnyyoLYQ	driving_buses
UUy8oebYWog	driving_buses
V0itiFeIdyY	driving_buses
VhC5JmlP6Xg	driving_buses
VsWrJt--Qsk	driving_buses
WP3KsGOMMgU	driving_buses
WSc0kYKLGTg	driving_buses
XCGvXeuo7Is	driving_buses
XgBTEQN_ZxA	driving_buses
Xl_HLam_WtU	driving_buses
XMHk-1zwFp4	driving_buses
Ygfb9D6aBS0	driving_buses
YIOBvIjwkeI	driving_buses
Yk08kMxQ7jU	driving_buses
YN36FxBW_cI	driving_buses
YNN-PVG5d9w	driving_buses
YX-JF5tVrtc	driving_buses
Z9zSqXZlqMs	driving_buses
_fxCpMoW2Tw	cap_gun_shooting
-ovFIwvxiwI	cap_gun_shooting
-wHU0MVeKSQ	cap_gun_shooting
-WnE2d9e69U	cap_gun_shooting
0Hie-xupbWg	cap_gun_shooting
0rw4B9Xze28	cap_gun_shooting
2E5b04ROdnY	cap_gun_shooting
3d6ismCJdos	cap_gun_shooting
3l4alj6RRkM	cap_gun_shooting
3pfELcB-wtU	cap_gun_shooting
04TBpsFSwQ8	cap_gun_shooting
4vcwMj0sL9E	cap_gun_shooting
5ALk948jfvw	cap_gun_shooting
5gRTZ8Wuy0s	cap_gun_shooting
5oftr9sLLNs	cap_gun_shooting
6xZZQ9muKZI	cap_gun_shooting
7HHCf9-HBiA	cap_gun_shooting
8-Uu0bUYlbA	cap_gun_shooting
8ALwSP590T8	cap_gun_shooting
8nodrV7BC08	cap_gun_shooting
8pdky_pOthM	cap_gun_shooting
8tV3MZ3ei_k	cap_gun_shooting
9alAw7uN_1Q	cap_gun_shooting
9FnPJCpPV8g	cap_gun_shooting
9ZMABXJhIfs	cap_gun_shooting
aFKesy2l8HI	cap_gun_shooting
afMLrxgCLAg	cap_gun_shooting
aQ6yO9-BAtI	cap_gun_shooting
bLVlLQhNvBg	cap_gun_shooting
bnn1HD-hKFQ	cap_gun_shooting
BrNIrhu-yn8	cap_gun_shooting
bz20Ve-c1xI	cap_gun_shooting
c-b70nmvK5k	cap_gun_shooting
CJU5llTnYUw	cap_gun_shooting
CO-K8uaLhhg	cap_gun_shooting
CUnjwBtbbd4	cap_gun_shooting
cVxS2FAacrY	cap_gun_shooting
CYNZTKputok	cap_gun_shooting
CzabUI9DtHo	cap_gun_shooting
D1sEwjmcJA4	cap_gun_shooting
DLMKy0_82iw	cap_gun_shooting
Dq0nVKnwGec	cap_gun_shooting
eDRb3RkrlhY	cap_gun_shooting
EF6tf-DDVdQ	cap_gun_shooting
Eh3hjbFhqBQ	cap_gun_shooting
emRT2KwmU5E	cap_gun_shooting
erMP-D9_uNU	cap_gun_shooting
FhZXaNHgZCI	cap_gun_shooting
GMW2jeYLrhk	cap_gun_shooting
gnZnWJslANs	cap_gun_shooting
GoImCFehKpE	cap_gun_shooting
GXyAFwf0nI8	cap_gun_shooting
hJriGQ0yUoc	cap_gun_shooting
hwUwGD2XegQ	cap_gun_shooting
iplU8Q0HZI0	cap_gun_shooting
iXlJ2abar90	cap_gun_shooting
kxqNCdZHzMg	cap_gun_shooting
KxwlfuMaz5w	cap_gun_shooting
lnYrARRL43U	cap_gun_shooting
lusSgj4qa1I	cap_gun_shooting
M60XROTcN7M	cap_gun_shooting
NPR4xNWt6nw	cap_gun_shooting
oADTAt6iNZg	cap_gun_shooting
olgOjusBWeY	cap_gun_shooting
oU0z8fAJBxw	cap_gun_shooting
q9IG7XI9HdY	cap_gun_shooting
q28CD7e8uns	cap_gun_shooting
QdSWqmjM83U	cap_gun_shooting
QnLbyf0QHPE	cap_gun_shooting
qZ4awmlj8Ns	cap_gun_shooting
QzkKplldsV4	cap_gun_shooting
RlKJVbJV9yk	cap_gun_shooting
RWFY5nARgI0	cap_gun_shooting
S_Am-UNJ1nw	cap_gun_shooting
s4zGk-B8woQ	cap_gun_shooting
s5nxFhB7TH4	cap_gun_shooting
sGA6ZFFG5uI	cap_gun_shooting
tTSZWstnaI4	cap_gun_shooting
uCJ7RfmiBWA	cap_gun_shooting
UFXIIDWYY7c	cap_gun_shooting
uhPmfykA5iY	cap_gun_shooting
VoDrNtHP758	cap_gun_shooting
w_gwMAApXxE	cap_gun_shooting
xL91MHa3Rz0	cap_gun_shooting
xru0ei34zcI	cap_gun_shooting
yp7ma0sXLbs	cap_gun_shooting
_1-jlHEhfvc	chainsawing_trees
_6uZ1HyHSQY	chainsawing_trees
_9IyqbNkaoU	chainsawing_trees
_D1gzbMP7wY	chainsawing_trees
_if557QC-zE	chainsawing_trees
_sA56nnkAjk	chainsawing_trees
_SZsYzVIP5c	chainsawing_trees
_vqSF8Xi_-s	chainsawing_trees
_Xzok7LYUBs	chainsawing_trees
_yRFAw-sQ0s	chainsawing_trees
-8S9TKWIOSc	chainsawing_trees
-9ummbDsgFM	chainsawing_trees
0dMJ7dlPzWs	chainsawing_trees
0fjrDsLr_aE	chainsawing_trees
-eTk4J5JTRU	chainsawing_trees
-f15fxSv3uw	chainsawing_trees
-R69Fa-mCaY	chainsawing_trees
0m-tnleCDEE	chainsawing_trees
0M3AYnUPk4g	chainsawing_trees
0q_vFsBN_Sk	chainsawing_trees
0wDHmbmKG3g	chainsawing_trees
0XpOd-sy594	chainsawing_trees
1MgcrYdYas0	chainsawing_trees
1ZhtOjwuNpc	chainsawing_trees
2LL9rfu1PRg	chainsawing_trees
2mBAi3PkE4U	chainsawing_trees
2MYfUQFr6S0	chainsawing_trees
2vqn1vRl-No	chainsawing_trees
2XVl8t1-XOM	chainsawing_trees
3Uxn1085Ld4	chainsawing_trees
4lytS3VyzTI	chainsawing_trees
4v6G5PJkMkY	chainsawing_trees
5a_LPLNtBQs	chainsawing_trees
5kUXjphzr7U	chainsawing_trees
5zSPUfVm32A	chainsawing_trees
6b0TNyfL1dg	chainsawing_trees
6NOW0_HuUCQ	chainsawing_trees
6SvJSSTKogw	chainsawing_trees
7-18CoeAuA0	chainsawing_trees
7dkHshJUTAE	chainsawing_trees
7nnOX-yZ-wE	chainsawing_trees
7YUPoS4bD24	chainsawing_trees
8np7wFQdfXg	chainsawing_trees
8OJfebn55Rk	chainsawing_trees
8WMRrXWeepA	chainsawing_trees
8yBGrAo62iQ	chainsawing_trees
08zhZZn29jc	chainsawing_trees
9W1zHb6TcmE	chainsawing_trees
10WnOX5FBKI	chainsawing_trees
18NpKwKl6Rk	chainsawing_trees
29y1jdo96jw	chainsawing_trees
45RDZ3owtvY	chainsawing_trees
48h1ibWL_8c	chainsawing_trees
49wP_Zmqkyc	chainsawing_trees
54PhWYrDTgw	chainsawing_trees
66-n0kgMDfM	chainsawing_trees
73mQmyZZsSw	chainsawing_trees
93C94T6TfhA	chainsawing_trees
384nku0gUe4	chainsawing_trees
610TuLNPepE	chainsawing_trees
3499ujHv51E	chainsawing_trees
A_Moev6dKYY	chainsawing_trees
a1LGAn2HQV8	chainsawing_trees
AEc1SCkUUk0	chainsawing_trees
ahovKRueJ8A	chainsawing_trees
AILthMOdN60	chainsawing_trees
aot7YglzX3k	chainsawing_trees
AQtZz6xvwPA	chainsawing_trees
ayBPlevYTsk	chainsawing_trees
b0Tpu878uqs	chainsawing_trees
BBukw6JpCeg	chainsawing_trees
bgNpB82jN88	chainsawing_trees
biG8oNmCnNM	chainsawing_trees
bMVqeu3_St0	chainsawing_trees
BMxA1rvFlZ8	chainsawing_trees
boW_X0g5wBE	chainsawing_trees
bQKW1-nZdBY	chainsawing_trees
brfKKehFtmw	chainsawing_trees
bRuJev7JLxA	chainsawing_trees
bUiMboOP2Os	chainsawing_trees
bvlPH6tfh38	chainsawing_trees
bWoqHajtbZc	chainsawing_trees
byKyS1Ifq2Q	chainsawing_trees
bzkle-2peYQ	chainsawing_trees
bZlcDUxxk9A	chainsawing_trees
C-uNumeNFu4	chainsawing_trees
C0c3ktHKBJ8	chainsawing_trees
C2Ai_RKUxPY	chainsawing_trees
c2kAy1kOqjI	chainsawing_trees
c4NFS6T1C4k	chainsawing_trees
C5hCSx7GDns	chainsawing_trees
cBmw9WWJOms	chainsawing_trees
CBw20AYBM80	chainsawing_trees
CENJ57WEMfU	chainsawing_trees
cf21xOlwAhc	chainsawing_trees
cG7MewpScjk	chainsawing_trees
cN5IsXBc59w	chainsawing_trees
CocB6ItybUE	chainsawing_trees
cpUQHj8AzIU	chainsawing_trees
CQqjv5jpGR8	chainsawing_trees
CS4cJBRBE6I	chainsawing_trees
cTM3C5gNbTA	chainsawing_trees
cuy9d0O0EUE	chainsawing_trees
CvVJd_J9A2E	chainsawing_trees
D0kNXqg7Kcw	chainsawing_trees
D4g4hDty-0Y	chainsawing_trees
d8Le-Q7HBkw	chainsawing_trees
d8quFTEpFHA	chainsawing_trees
De_Q__O73q4	chainsawing_trees
dJ7PZ9A0lDk	chainsawing_trees
DjATl6PNShw	chainsawing_trees
dk5RqoGEcTM	chainsawing_trees
DlWZHgSeyoc	chainsawing_trees
Do5DfkHBhtg	chainsawing_trees
dOQCPeT0IU8	chainsawing_trees
DT1CTUruDyQ	chainsawing_trees
dV5JdImsg44	chainsawing_trees
Dv50x3XXrUs	chainsawing_trees
DwE0cQ3Xz70	chainsawing_trees
dWgMWbr2eJs	chainsawing_trees
dXT063dWoY0	chainsawing_trees
EcywputDZmE	chainsawing_trees
Ei3sweuvSLE	chainsawing_trees
EwoQIa82vZc	chainsawing_trees
EXxDqf6KV0w	chainsawing_trees
FbUfifj5GZo	chainsawing_trees
fcDDZmBWfWo	chainsawing_trees
fEk_247I5eA	chainsawing_trees
fF9xCdJjQC0	chainsawing_trees
fgXp1J_MSHQ	chainsawing_trees
flhw_mApAx4	chainsawing_trees
fMSX20utRHI	chainsawing_trees
fXS4OGMzjbc	chainsawing_trees
fYpJldeYjOw	chainsawing_trees
g-bVhamxKdA	chainsawing_trees
G9dzSp_hGbA	chainsawing_trees
g98GoeDHVxY	chainsawing_trees
gAOhS-1idmo	chainsawing_trees
gym6nQIAIeY	chainsawing_trees
kRA2px3WWDQ	chainsawing_trees
lPbwsW5pvQQ	chainsawing_trees
lRCal6f_fWY	chainsawing_trees
MH_8zAWvbgM	chainsawing_trees
oMQ9TWj59Qs	chainsawing_trees
sCzno8FeYWA	chainsawing_trees
6aV6c8mY0lg	chainsawing_trees
vu_BDb65JNQ	chainsawing_trees
vT8IZouxits	chainsawing_trees
vINbWMS_1Cg	chainsawing_trees
vIC0zIJv3Nc	chainsawing_trees
vBqPbz5Pg-M	chainsawing_trees
uUlzcQs5j_A	chainsawing_trees
uLHemetsEJw	chainsawing_trees
u0PawSuuRa8	chainsawing_trees
tvOh3krEQ6w	chainsawing_trees
tptRRiuT6B8	chainsawing_trees
pGHx9QrmvyQ	chainsawing_trees
PFKxAmGYDNA	chainsawing_trees
p9IGQ-m88JQ	chainsawing_trees
q3N3D6IcK1g	chainsawing_trees
qJU5nscdNW0	chainsawing_trees
pxnedGbDsOw	chainsawing_trees
qSw4xEqMHeA	chainsawing_trees
ouCAO6pu_Ik	chainsawing_trees
qtecrZQOK7k	chainsawing_trees
qQuqw2eH-w4	chainsawing_trees
rFzpQOvmGSQ	chainsawing_trees
redSkbpiRMk	chainsawing_trees
rhGSqHtz_C4	chainsawing_trees
rpC_G4T0bqk	chainsawing_trees
rX_56GCkQ5U	chainsawing_trees
S1pXplazu5A	chainsawing_trees
sHvHGOfdJLQ	chainsawing_trees
-_9NSq4U3nw	playing_acoustic_guitar
--yJcmmwiMc	playing_acoustic_guitar
-1XBP-nZ1bQ	playing_acoustic_guitar
-2TjevpJuAs	playing_acoustic_guitar
-4ELUORuKtk	playing_acoustic_guitar
-6HhoAY9Fbs	playing_acoustic_guitar
-6tJgFlNo-c	playing_acoustic_guitar
-8cgbhIR_pw	playing_acoustic_guitar
-9GRE84DX2M	playing_acoustic_guitar
-9hqBiuwp2Y	playing_acoustic_guitar
-BFcExBQfAk	playing_acoustic_guitar
-d6AgTYFgIE	playing_acoustic_guitar
-f7v4HQrYjY	playing_acoustic_guitar
-G08iN_t2QQ	playing_acoustic_guitar
-hBxP2bZq_8	playing_acoustic_guitar
-lhNIAPKfOo	playing_acoustic_guitar
-LrNmB50-nA	playing_acoustic_guitar
-lXA9EUuiVQ	playing_acoustic_guitar
-mm4g324bU0	playing_acoustic_guitar
-O_i9m2l_gA	playing_acoustic_guitar
-QIKyCQAFkQ	playing_acoustic_guitar
-QjYRWTAMhM	playing_acoustic_guitar
-qsq2azVqiY	playing_acoustic_guitar
-QYcCxdc5gM	playing_acoustic_guitar
-rCiy-9aYTE	playing_acoustic_guitar
-RQsgdKdmoo	playing_acoustic_guitar
-tv917VfSS8	playing_acoustic_guitar
-vJw-B41tXA	playing_acoustic_guitar
-XL3T2VUZ0k	playing_acoustic_guitar
-YTcfKZNyEI	playing_acoustic_guitar
-ZpUc4_zXHQ	playing_acoustic_guitar
0BDnRWee0NU	playing_acoustic_guitar
0cVxX7se82g	playing_acoustic_guitar
0d6YcY-uBgI	playing_acoustic_guitar
0dbb7RX2K60	playing_acoustic_guitar
0dwf7HFTFD8	playing_acoustic_guitar
0fdwOEPfznk	playing_acoustic_guitar
0g7LdehGzkc	playing_acoustic_guitar
0haq15HEi-0	playing_acoustic_guitar
0HyL6ygGx-c	playing_acoustic_guitar
0ioRPfQzAW0	playing_acoustic_guitar
0J5h0X48VWw	playing_acoustic_guitar
0jPN5nGZ1zQ	playing_acoustic_guitar
0jxMP_iGilI	playing_acoustic_guitar
0kHoNbSRe4Q	playing_acoustic_guitar
0MbqYcPAnvw	playing_acoustic_guitar
0MVpGi3PjaQ	playing_acoustic_guitar
0OEJQg-W6gM	playing_acoustic_guitar
0qkYNx83dz8	playing_acoustic_guitar
0RL4VVwvuyQ	playing_acoustic_guitar
0tEX2Pdlg6k	playing_acoustic_guitar
0TTAsOj8Mas	playing_acoustic_guitar
00Ud7c2WEoM	playing_acoustic_guitar
0UxedyHm80Y	playing_acoustic_guitar
0WcWOB-wOJ0	playing_acoustic_guitar
0WhHTKvpUc8	playing_acoustic_guitar
0YR-Bfkyfe8	playing_acoustic_guitar
0yiVFOepo6w	playing_acoustic_guitar
0yrlBmaXiFE	playing_acoustic_guitar
0zCvELXehEM	playing_acoustic_guitar
1_tKhXUsrjI	playing_acoustic_guitar
1-3d72LSuTA	playing_acoustic_guitar
1AiFHvVy5Ng	playing_acoustic_guitar
1BPgEjmVfKc	playing_acoustic_guitar
1Br784mypY4	playing_acoustic_guitar
1fqWnC_Ztow	playing_acoustic_guitar
1IbAy40V99k	playing_acoustic_guitar
1IDGzHKHtVk	playing_acoustic_guitar
1jS9-FEN_l8	playing_acoustic_guitar
1JT1cuBnUEw	playing_acoustic_guitar
1Km75ygL5DI	playing_acoustic_guitar
1lR94pjkbm8	playing_acoustic_guitar
1mFKlB4MIU0	playing_acoustic_guitar
1MZBdGy0rAg	playing_acoustic_guitar
1P5uTfjhFRY	playing_acoustic_guitar
1q2R6DEhgY0	playing_acoustic_guitar
1VWi9jYHeJk	playing_acoustic_guitar
1x7wVFMW4dk	playing_acoustic_guitar
1Xnx7lS2OgU	playing_acoustic_guitar
2_zlYie952k	playing_acoustic_guitar
2-hfyGTLwsI	playing_acoustic_guitar
2-smp8840BY	playing_acoustic_guitar
2blH6762DuM	playing_acoustic_guitar
2c1ndTY9RlI	playing_acoustic_guitar
2F_KLtfLZRM	playing_acoustic_guitar
2HCGlWxN1Tk	playing_acoustic_guitar
2hsSLQLQeTg	playing_acoustic_guitar
2IuBaICCI4U	playing_acoustic_guitar
2kTmC2N8h68	playing_acoustic_guitar
2NOd2l2d5to	playing_acoustic_guitar
2Q8zm2Vn-M0	playing_acoustic_guitar
2S06RG9jQXM	playing_acoustic_guitar
2Sg6Yq5S9Bo	playing_acoustic_guitar
2VGEicl5dMQ	playing_acoustic_guitar
2Wg9yjVJ-O0	playing_acoustic_guitar
2WxzSPESoZI	playing_acoustic_guitar
2YIODu5t1Ao	playing_acoustic_guitar
3_9-TYGWs8w	playing_acoustic_guitar
3-QGJns54aU	playing_acoustic_guitar
3AXQ9Ci4kos	playing_acoustic_guitar
3bvv-QLykWI	playing_acoustic_guitar
3c_aHO_WmnU	playing_acoustic_guitar
3c3bvoDlyjM	playing_acoustic_guitar
3dBQbWPOjjI	playing_acoustic_guitar
3dibdVjLY6E	playing_acoustic_guitar
3EOXifRUlXA	playing_acoustic_guitar
3ESBQNW6_Nc	playing_acoustic_guitar
3FUn-MHO7Gw	playing_acoustic_guitar
3HEMX-K-i2g	playing_acoustic_guitar
3iYmJWio340	playing_acoustic_guitar
3JCQiT6oyOA	playing_acoustic_guitar
3KEiuvruqgQ	playing_acoustic_guitar
3p1aDdoCTqo	playing_acoustic_guitar
3rf6-9LMshs	playing_acoustic_guitar
3sYx4P33JxA	playing_acoustic_guitar
3ukB0zJoKg4	playing_acoustic_guitar
3uRRvfJ3CV0	playing_acoustic_guitar
3YjiDiMIzjU	playing_acoustic_guitar
4a_1IoqQgQY	playing_acoustic_guitar
4aVzh6mImIg	playing_acoustic_guitar
4B-5x4dFaFo	playing_acoustic_guitar
4c9xmfKia44	playing_acoustic_guitar
4cqRKsgxBAA	playing_acoustic_guitar
4DuUky7GGco	playing_acoustic_guitar
4EcdsT9MHrY	playing_acoustic_guitar
4edK8hTyCXA	playing_acoustic_guitar
4EfaIbx4RzY	playing_acoustic_guitar
4eoCZhmgi4M	playing_acoustic_guitar
4FMcD2urCm4	playing_acoustic_guitar
4i-iua3hAG0	playing_acoustic_guitar
4JvBVEBTyUM	playing_acoustic_guitar
4KbX5qa8YIo	playing_acoustic_guitar
4lZNAMJTw3E	playing_acoustic_guitar
4O3GQPVdm1Q	playing_acoustic_guitar
4p1AE2_zsHY	playing_acoustic_guitar
4QO6nQvh4rk	playing_acoustic_guitar
4s9_61fICT4	playing_acoustic_guitar
4unAT0OouX8	playing_acoustic_guitar
4uwr6wcM2xQ	playing_acoustic_guitar
04vdECGx-8k	playing_acoustic_guitar
4WBCdiy03TA	playing_acoustic_guitar
4WGMFP00rIg	playing_acoustic_guitar
5B7bv_Q8JVA	playing_acoustic_guitar
05BlevkBrPg	playing_acoustic_guitar
5C8bjq3exSc	playing_acoustic_guitar
5Co4LM7aZM8	playing_acoustic_guitar
5DUr6hRIsh0	playing_acoustic_guitar
5e6oOAczGeI	playing_acoustic_guitar
5FTHNfV1zFw	playing_acoustic_guitar
5gcqJAGZoVs	playing_acoustic_guitar
5ItLZIOI-Y8	playing_acoustic_guitar
5j2qenQrKgM	playing_acoustic_guitar
5Kl-upw_UME	playing_acoustic_guitar
5ozIHcsN2RE	playing_acoustic_guitar
5Pf3LeEvgBc	playing_acoustic_guitar
5RUpcMdoEKI	playing_acoustic_guitar
5Uc9Vx-dNKA	playing_acoustic_guitar
5yvqmfHO-xg	playing_acoustic_guitar
6C_pRHzw9CA	playing_acoustic_guitar
6CuRXld5OWU	playing_acoustic_guitar
6LL3cTg9yNY	playing_acoustic_guitar
6pKhjGsaLqc	playing_acoustic_guitar
6t8vlSAkuqQ	playing_acoustic_guitar
08AIDeqC0fU	playing_acoustic_guitar
8fggtf8IKYs	playing_acoustic_guitar
8tSWopB9V10	playing_acoustic_guitar
09BzVkhVfTI	playing_acoustic_guitar
9k5J_gnGjrs	playing_acoustic_guitar
9O_MsmwPUKM	playing_acoustic_guitar
9uyKehkRd3M	playing_acoustic_guitar
11JTJe1Hj2k	playing_acoustic_guitar
19uuBu5NW3I	playing_acoustic_guitar
20CyPc_bkjA	playing_acoustic_guitar
31Ia6A8vGX8	playing_acoustic_guitar
31uxWvQ3zbw	playing_acoustic_guitar
42j_SJ1ykA8	playing_acoustic_guitar
47nG0KLvtZM	playing_acoustic_guitar
052s5vlSKn0	playing_acoustic_guitar
57eucQqHwJQ	playing_acoustic_guitar
66qlsfRxqEY	playing_acoustic_guitar
74H0yyNMcXM	playing_acoustic_guitar
99bIqwVy2l4	playing_acoustic_guitar
309ssEGOkKA	playing_acoustic_guitar
323nSwTApLo	playing_acoustic_guitar
459h5FxgnrU	playing_acoustic_guitar
AgtY6m-b3Gk	playing_acoustic_guitar
AJw-x30L46E	playing_acoustic_guitar
Apn5Q431cxo	playing_acoustic_guitar
BfkiflJI5nA	playing_acoustic_guitar
Bw0tyZshCf4	playing_acoustic_guitar
C-5TkLAEk0U	playing_acoustic_guitar
C2kKMjYETRQ	playing_acoustic_guitar
CdgJYNbgNfY	playing_acoustic_guitar
cvs6pccsDik	playing_acoustic_guitar
DeTlikh6B6k	playing_acoustic_guitar
DKitlQerpNk	playing_acoustic_guitar
DO93G9gc78c	playing_acoustic_guitar
DroAzooK4yw	playing_acoustic_guitar
E3wxn8swSOA	playing_acoustic_guitar
E6Vr7C8tEQI	playing_acoustic_guitar
EFho66vvO38	playing_acoustic_guitar
em7akjDUsWk	playing_acoustic_guitar
F3HEBmteDP0	playing_acoustic_guitar
F8YQfzYtOlY	playing_acoustic_guitar
FemwZ5G3d6M	playing_acoustic_guitar
FImoR2zbanw	playing_acoustic_guitar
Fx-Hj0qE6mA	playing_acoustic_guitar
G4fTKotMoWI	playing_acoustic_guitar
G09Nk4PJSvI	playing_acoustic_guitar
_caFr8RrH-Q	cat_meowing
_954W_4YrmA	cat_meowing
-_doikqlNSY	cat_meowing
-aY9NqOlPEI	cat_meowing
0bj1ynHjnR8	cat_meowing
0GnvsN_8_Sk	cat_meowing
0UKzyBqyhGc	cat_meowing
0W_gYR6p-D0	cat_meowing
0XMeGiszPYE	cat_meowing
0xzbWmrJCa0	cat_meowing
1-uo7YWqF3Q	cat_meowing
1dgBCUaZVAQ	cat_meowing
1NwoL7fn1Qk	cat_meowing
1vEjPObCs-c	cat_meowing
1ZAytppeRPE	cat_meowing
1ZiKrVqYzVo	cat_meowing
1zYsKe5HhsQ	cat_meowing
2bYkSWdnZJo	cat_meowing
2DfZ21h3rM4	cat_meowing
2Eu-5zFuvb0	cat_meowing
2kNgKBYd41U	cat_meowing
2kOOgrG6LH0	cat_meowing
2tP5a_zb5sc	cat_meowing
2tvbXTF_MOA	cat_meowing
2WQfzHMdCPQ	cat_meowing
3-dHPcYckl4	cat_meowing
3d4Q9iU5Je8	cat_meowing
3ejndVEAcmQ	cat_meowing
3Ez6bhUGPKk	cat_meowing
3fdw7WJRVQc	cat_meowing
3fjNCHK77ag	cat_meowing
3ID149JSVkU	cat_meowing
4f2SbVHDPU8	cat_meowing
3LtXT2KVI-c	cat_meowing
4_HzAg_7e10	cat_meowing
4mswzuaZjnQ	cat_meowing
4muUnvSiceA	cat_meowing
4nsoFVx6MZ4	cat_meowing
5aA1-3lnJqk	cat_meowing
5mSmtv4bGiQ	cat_meowing
5nGZKTStb_Q	cat_meowing
5pncSb7fxEQ	cat_meowing
6-tqMSNhbrs	cat_meowing
6aeTi0zVhEE	cat_meowing
6dgTnGDYiZc	cat_meowing
6G11Ve9d1MQ	cat_meowing
6qQnTxbTTx8	cat_meowing
6vGvX-CjJ50	cat_meowing
6VpcBh1KPSM	cat_meowing
7_yFcyfq1zU	cat_meowing
7BlZsuymkL0	cat_meowing
7cIVRdCLnW4	cat_meowing
7CY-C7M8aGk	cat_meowing
7dH0WQZEpZQ	cat_meowing
7eeIBTfeUkQ	cat_meowing
7eJZgWKcXwQ	cat_meowing
1tJdV9lG8dI	cat_meowing
2-dHuNPOmFg	cat_meowing
2gs0Ltt5niY	cat_meowing
4hjW385XyHE	cat_meowing
4le_42J5qkU	cat_meowing
7IXx3NhSbi0	cat_meowing
7oZcnMgcG8I	cat_meowing
7qGNh8_MyII	cat_meowing
8dFxtC7xJFQ	cat_meowing
8lRDJ3QlEK0	cat_meowing
8R7eb4PNrhQ	cat_meowing
8u1o7AFJrVc	cat_meowing
8zctPEU7nBs	cat_meowing
17WW_p1N7BQ	cat_meowing
37Hosi7Fz0Y	cat_meowing
36FxPYlQJs4	cat_meowing
49c_ZAXGdzM	cat_meowing
55l9j-CggDQ	cat_meowing
55Q5nD-vWRc	cat_meowing
69b8X7jqjXQ	cat_meowing
75PJeJ2hGcw	cat_meowing
91Gid732STA	cat_meowing
92fP5fr2UJc	cat_meowing
99KhzEBrOzg	cat_meowing
AHlCh46HNYc	cat_meowing
aWgqsfvIOQo	cat_meowing
b3dYlDbU_78	cat_meowing
B7xVw2O6HtE	cat_meowing
bgT_FtwH0IM	cat_meowing
bnSE8NowpNw	cat_meowing
D_Z4sIBxFdQ	cat_meowing
D-J1WvIhM3E	cat_meowing
DAnYL58ADIU	cat_meowing
DbwLb88zLoA	cat_meowing
Dc0oFuJTvDo	cat_meowing
Dhc3EALCjY8	cat_meowing
di6RXQFxUNU	cat_meowing
Dnx0z1cC8u8	cat_meowing
Do-VYTebQ_E	cat_meowing
DYXx5Kqsi-o	cat_meowing
en_xnFKxwS4	cat_meowing
eo2HskB5Y8I	cat_meowing
fCfhFurcFW0	cat_meowing
FS75JZ6aCEA	cat_meowing
FtNV_Gq62l8	cat_meowing
FuiwZeEH_uA	cat_meowing
FX07iZ_Q9Zw	cat_meowing
iNLG0kRRiWs	cat_meowing
j4QXK7I4kfk	cat_meowing
J04XOgiFb7Q	cat_meowing
j6H8c2hWik8	cat_meowing
JKSXn-XCEjQ	cat_meowing
KaJKfwwFOIs	cat_meowing
kRZbKcY3C8E	cat_meowing
kTw1zjRm6YY	cat_meowing
kZTTTZpya-Q	cat_meowing
lr9L7xjr4xg	cat_meowing
LyIhmCTPLUc	cat_meowing
mH0qxsxLypw	cat_meowing
O8pAsSYXXJU	cat_meowing
OUCFQe0sQ1A	cat_meowing
PuSkbMfXxxo	cat_meowing
RzIkhmQT-Io	cat_meowing
rZZif5REV3M	cat_meowing
VRZmcY-Mnqk	cat_meowing
Vwz9qPlf78E	cat_meowing
XMGP_01XEyM	cat_meowing
XnIIa-m9mOM	cat_meowing
y3Zd1Vc48Xg	cat_meowing
yk3_Ctt3mDo	cat_meowing
_KXKXjCxrWo	female_singing
_LoTBt8yRts	female_singing
0_skbUzy2Yw	female_singing
00iOpkMOAAU	female_singing
00UtJ1UoO5Q	female_singing
0av4Hw8gGPc	female_singing
0BbNMmop7Q0	female_singing
0bNzIYoi0EM	female_singing
0BtUy7BUbvE	female_singing
0cAoh844DeM	female_singing
0DCit2EBtjs	female_singing
0e2tlzAIfGg	female_singing
0Ej_QVelIkU	female_singing
0eT-7XFRwLE	female_singing
0g3vTZkMo28	female_singing
0Gz2Prxq9xI	female_singing
0hlwts_lUSk	female_singing
0hswid2buZs	female_singing
0hV6VaSL0xg	female_singing
0ikwrhc18qI	female_singing
0jM2IQ0f58I	female_singing
0jx0XXTDE9k	female_singing
0LaXJaiy1ds	female_singing
0mwLwWd93NY	female_singing
0NyBAjoD9w0	female_singing
0qFACVX__4c	female_singing
0qOzozmZHYU	female_singing
0QWFvqUS1Dc	female_singing
0rJqMyQxXoI	female_singing
0rN9gzB8Izc	female_singing
0SE3YoKHNLQ	female_singing
0sgyiwrRUaM	female_singing
0ThXFrUz9tI	female_singing
0tk25Efw1Aw	female_singing
0tOI_ZY18Dg	female_singing
0uTUjOumS8A	female_singing
0uvAOAAPGiM	female_singing
0vdNualEwx8	female_singing
0Vnc4js72PY	female_singing
0XMa0V_0jCM	female_singing
0YRzr0rck-A	female_singing
1CyMNyDOYPE	female_singing
1fpT7hU7--M	female_singing
1gvhZOwf_eY	female_singing
1GXWl8AklkE	female_singing
1igjWSxlvM0	female_singing
1IoKwbUx72s	female_singing
1j912urA4Zc	female_singing
1JDyVMF_NE8	female_singing
1l6xuLAqQgk	female_singing
1pD_b4-iGyg	female_singing
1WyR9xSPKSg	female_singing
1XqqTvgOpio	female_singing
1xRNQCP4MbE	female_singing
1y02KwMoXWY	female_singing
1YcZq0OUO8Y	female_singing
2EOFz1tuO6s	female_singing
2k8x2JK86Hk	female_singing
2MHokM_Rk04	female_singing
2MYHDeRQYN8	female_singing
2TYWn06quQI	female_singing
2YCEzPUQUPU	female_singing
2Zuf1fY1seE	female_singing
3DLkaqs2N1w	female_singing
3e0refaK8CE	female_singing
3GPoIz51wPE	female_singing
3kPq4isCXTc	female_singing
3lOD17f5qZI	female_singing
3oMl8hcL2_s	female_singing
3SQgiHL9cgM	female_singing
3T4yG_IUjNY	female_singing
3UyaOpEv6u0	female_singing
3ViQOM_LHv8	female_singing
3VQQ7Qa_UYQ	female_singing
3VR0aN-Hv1I	female_singing
3wlbF6FBjF0	female_singing
3x8-OU1_-lY	female_singing
3XM7E-rWgqs	female_singing
4H_dVfcMewg	female_singing
4k2DmuFwQvc	female_singing
4M2893g-zWI	female_singing
4NAT4ZZIOcI	female_singing
4r8kZF_CRSk	female_singing
-4rdRn-FRXo	female_singing
4Rjz6s2owT8	female_singing
4v1VgwCvm_U	female_singing
4W2XN0gmCc8	female_singing
4zElLaliJTU	female_singing
5C58IGwUCFY	female_singing
5dQEPN2HJlQ	female_singing
5lvFivyFzcY	female_singing
5oCU7_p8_-k	female_singing
5Ooov69JcIg	female_singing
5qVc9y3TNnY	female_singing
5qwzyNzr3bI	female_singing
5s_QxqlevL8	female_singing
5sDO3ekJ_Ao	female_singing
5Sl1xAoUQ10	female_singing
5SSH6_7yo0g	female_singing
5thtp4tT-xs	female_singing
5uS2vZJ79hA	female_singing
-5ZIlKvRDXY	female_singing
6aqqlfih3lA	female_singing
6C4n9GOYy5E	female_singing
-6EzbBAmvjA	female_singing
6GkCMrZGlAY	female_singing
-6khcuB2d5U	female_singing
6L4PVP1gfvg	female_singing
6SrAfNr18gc	female_singing
6u_qykS0EFU	female_singing
7AB5JStsldI	female_singing
7DGv52Lph_c	female_singing
7pQSh89LqN8	female_singing
7PtV8T7DtQE	female_singing
7RHdsCC4aV8	female_singing
-7RYSjOitGI	female_singing
7SB1JQQoa8M	female_singing
-7xRJ-Osv1E	female_singing
-8bJL3kpPGI	female_singing
042PHFIpEwU	female_singing
07UvWKjEA9I	female_singing
10A7SnevqeE	female_singing
13cqFI0H0NY	female_singing
153qpuCUIpQ	female_singing
16-bo0-11sg	female_singing
16TsDMjHzYU	female_singing
17tnmJeaBXM	female_singing
18dYt6-paXw	female_singing
18euP2bshmk	female_singing
26qHIIfuqs8	female_singing
30_jji6Dsyg	female_singing
3954OuFHdLk	female_singing
41CWu8-XBCk	female_singing
49D4LrHmJ9w	female_singing
509AKyeVzBI	female_singing
-51CA8BX7gU	female_singing
51yApD6AnUk	female_singing
56Y8w45jKlE	female_singing
592LvklDGBc	female_singing
60YyjVGWqb8	female_singing
61rHJ_RSy5o	female_singing
66YsUAZ3eAU	female_singing
67MlqD0TGrk	female_singing
67xvshvD7xQ	female_singing
69TxkFe37-c	female_singing
7-DrYJKUdHQ	female_singing
77jai5AAVRA	female_singing
90uPcpUjYvs	female_singing
Ag4fFBQl868	female_singing
--bvmgIdDC8	female_singing
-bW55o5ZfEg	female_singing
bXZTIr5GCmo	female_singing
clHyLk4LrKo	female_singing
-cobLsM6D-g	female_singing
CzebNifSgGI	female_singing
DDVBLLoqQHk	female_singing
-DqNQZbYA_k	female_singing
-f4zQ9tUAkw	female_singing
-fj_43YABAQ	female_singing
fKZzIM0gt3M	female_singing
Fu7fBWaC17I	female_singing
HDIOrREfB8U	female_singing
-i0dTCl0rmE	female_singing
Ia5fgg1v-Do	female_singing
ihuCB0j-nsg	female_singing
-Is-xwitsSQ	female_singing
-jaNyviaZ0c	female_singing
-JdUSVmQq88	female_singing
JP4wJsVuEW0	female_singing
-JtpqwcTYGA	female_singing
-JvWk-7okCI	female_singing
-JxhtCzoQnI	female_singing
-K1BRF6qng8	female_singing
-kIDLwKgUuM	female_singing
KyiVakXd2b8	female_singing
lDdSbnUdK-Q	female_singing
lNHH74KRXI4	female_singing
mvxhKLhUGMI	female_singing
mzn3hiem4gQ	female_singing
OhgSw4jR0dA	female_singing
-oI3MveSE_w	female_singing
-OtbfS_JWn4	female_singing
-p7V24IWSbs	female_singing
PlXQEmeTeYY	female_singing
PxBlmQvlq9M	female_singing
qda6pw46XRo	female_singing
rGExyUcOSYg	female_singing
sIaT8Jl2zpI	female_singing
-T06kz4MI20	female_singing
t0FdJn6dpfg	female_singing
-teM3POwI7Q	female_singing
thjWIvJJs3U	female_singing
tN-VI7MqUWg	female_singing
TObtwHlfLFk	female_singing
tR8pQZnvhcs	female_singing
-uCaAAt8b8M	female_singing
-Udj_2z80ac	female_singing
v6A7Iggebm4	female_singing
-vUcGFlGbDw	female_singing
VV-DgnPPhSo	female_singing
Wdtku1dqJo0	female_singing
wLxSNUQteto	female_singing
Wm2cPR2nN-I	female_singing
wZhDV8vF7T0	female_singing
WzPvUWmWyJo	female_singing
X3c1Na7B4ng	female_singing
X6cgFi1DwMQ	female_singing
xaiAGSPCO5g	female_singing
XNC9atNw-aE	female_singing
-xSgTIOGmGQ	female_singing
YvScmkzh_bI	female_singing
-yxiMCu_7vc	female_singing
-ZgzhlCiE5M	female_singing
--ZHUMfueO0	female_singing
_2iiFV3Oe4Q	ambulance_siren
-diPczRE_-M	ambulance_siren
-jMGDLoDR48	ambulance_siren
-uD_w-t4T2Q	ambulance_siren
-UxUAolRV-g	ambulance_siren
-x8HgXnpf0s	ambulance_siren
0C_OWfuixCI	ambulance_siren
0fy834E0TkU	ambulance_siren
0iVM2GY3R_c	ambulance_siren
0KKo3j---_o	ambulance_siren
0qhLBcvreA8	ambulance_siren
0UX7Cl2iJJs	ambulance_siren
1qvzNoKWj4s	ambulance_siren
1XiT-9mAj4E	ambulance_siren
2aF25UVP4Pc	ambulance_siren
2tFn61fIwQ0	ambulance_siren
2xvqbtV1vfQ	ambulance_siren
3jH_pyOhBPk	ambulance_siren
3qIzU14NNaY	ambulance_siren
3UWJsGeBTCA	ambulance_siren
3wRWedMGIHU	ambulance_siren
3XfNuEVynXM	ambulance_siren
3zJYPgvlwJs	ambulance_siren
4bAD3LC4qyg	ambulance_siren
4IudCgEvbTk	ambulance_siren
4iWXpUNpXtw	ambulance_siren
5FdTDVqH-9U	ambulance_siren
5OHhv_51NPg	ambulance_siren
5xKYPgCaSoI	ambulance_siren
6f9qVGJcDPc	ambulance_siren
6peZ0_VU4mI	ambulance_siren
6sQnZuxAAN0	ambulance_siren
6WKXaNiiW5Y	ambulance_siren
7aK6W8-Rt38	ambulance_siren
7C6H9li-CsE	ambulance_siren
7DH5fqj8j6Q	ambulance_siren
7GoQ8HaVAnA	ambulance_siren
7RLPEEjSShM	ambulance_siren
8Q2MAgDItKY	ambulance_siren
8Sc2uo4Z-Zw	ambulance_siren
8u5zK2Qyk3o	ambulance_siren
8vPRbqUP33A	ambulance_siren
8weZUFLXNnE	ambulance_siren
9cW--NcKqI4	ambulance_siren
9ddEpN3dNLw	ambulance_siren
9nHvOkL0Y-I	ambulance_siren
9NjKwk4P9vY	ambulance_siren
9s4V5Q-5z_c	ambulance_siren
9wkqAPrhVmM	ambulance_siren
9YPnEBtfxHU	ambulance_siren
13J_WcKx3Qo	ambulance_siren
29leW_wEi2E	ambulance_siren
36AsCpqS3z0	ambulance_siren
58ajs6se3HQ	ambulance_siren
67uP2_5Pux0	ambulance_siren
79kTmQT56fU	ambulance_siren
93ZEiEKL2WY	ambulance_siren
A7IAYA3qF58	ambulance_siren
AROokQkqAQM	ambulance_siren
baYVU967epg	ambulance_siren
BDTlaUbJcrI	ambulance_siren
BJHrEjlb5S8	ambulance_siren
BUtJuWgAJWY	ambulance_siren
C85jjnu1ONI	ambulance_siren
CDSnhR5KPpc	ambulance_siren
Cdt_IONjSDQ	ambulance_siren
CgkeGvvGdwo	ambulance_siren
ClynbvrQX_I	ambulance_siren
CtpP0QJle3Y	ambulance_siren
Cx4xBwuL-I4	ambulance_siren
DJXQV_oKyjE	ambulance_siren
DkhKexA_grw	ambulance_siren
DLPS4bIKQaM	ambulance_siren
DOL73bzUD3Q	ambulance_siren
DOQKXZ4XVWQ	ambulance_siren
Dt5gzDF6DEM	ambulance_siren
EFF7JmNSSJA	ambulance_siren
ESXgEitdYaQ	ambulance_siren
Fc9uqHOuyBQ	ambulance_siren
FHcO1-1TOvU	ambulance_siren
FULOyo1MQNs	ambulance_siren
FY856CPOU9I	ambulance_siren
GgV0yYogTPI	ambulance_siren
GGuE_3JzERM	ambulance_siren
gwjBAjcugR8	ambulance_siren
HFZHOOhhtTM	ambulance_siren
HgcTrJd9B_Q	ambulance_siren
Hpnja1gcKN0	ambulance_siren
HpRZXnx-ckk	ambulance_siren
HwkumGeO4q4	ambulance_siren
I1X_Nmn83L8	ambulance_siren
I9DZ5KwHdbU	ambulance_siren
IEL_tTYEDeQ	ambulance_siren
Is_9mjLACtI	ambulance_siren
Itt-b2w7xLs	ambulance_siren
Ivx4yn8k95s	ambulance_siren
JnzwhYy8nY0	ambulance_siren
KlHk6IQ5Zmk	ambulance_siren
ladAEEIG6CM	ambulance_siren
LzfLw0pVyTc	ambulance_siren
MNgEO78i24E	ambulance_siren
N2nBESKIP8c	ambulance_siren
N21xBhMz95g	ambulance_siren
P8YWfthdiEI	ambulance_siren
PZ-qUWM5OLY	ambulance_siren
Qd-o8RAscJk	ambulance_siren
Qs3TtXqSWbs	ambulance_siren
QuqyU_wvJWc	ambulance_siren
R8G5Y0HASxY	ambulance_siren
RkHNi_hTSMQ	ambulance_siren
RnnBgSrgils	ambulance_siren
SFpOk5H3SKQ	ambulance_siren
SyA4-pOlERg	ambulance_siren
T1R7ULynwCo	ambulance_siren
TdfcquNaufw	ambulance_siren
TEXYY_pExIs	ambulance_siren
TkWpyw3VipM	ambulance_siren
TU269Rxtq1A	ambulance_siren
TYIB8F4YWls	ambulance_siren
uElgxHfRxrk	ambulance_siren
UJoDk7-jtZw	ambulance_siren
UQwRwBL2aug	ambulance_siren
uZ0-pw5zPkA	ambulance_siren
VRm8ShxYz5Y	ambulance_siren
Vsve5nA3bSc	ambulance_siren
VuPKUix3orE	ambulance_siren
WbchZhyLK9k	ambulance_siren
WgWI0wHObJ0	ambulance_siren
WJAcO_9kG1I	ambulance_siren
WKCMM4h4c6o	ambulance_siren
WW9z5D-_2Zw	ambulance_siren
X8eXLuLGhrc	ambulance_siren
XPG3qmPpJaY	ambulance_siren
XspazHCZqIk	ambulance_siren
XTM9lxgiliA	ambulance_siren
YBZS-uVR6dM	ambulance_siren
YRlSwfZtWxk	ambulance_siren
YVwgyAPjxFQ	ambulance_siren
0UcGJ1G2MjM	dog_barking
-9YohOxYZ0Q	dog_barking
0eNfQDAbn_Y	dog_barking
077_m7wNT3I	dog_barking
4yqIXHBF3Cg	dog_barking
0vtn8NhofOw	dog_barking
0kTHgSzQkfw	dog_barking
443rTNtiUsY	dog_barking
1KZ0cJhqmW4	dog_barking
1WVuvMIKi7o	dog_barking
4xW7mL-QIQw	dog_barking
4PLtKW3ugLo	dog_barking
1WWPdIr91b8	dog_barking
4gyda6wcww0	dog_barking
4UUH1K4bRSo	dog_barking
4pxb7e1U6VU	dog_barking
5yo90PoKOT8	dog_barking
63Yp1mEiLwU	dog_barking
5nAvo9b2_SY	dog_barking
5yPuU1le594	dog_barking
5eu8XKs-H-M	dog_barking
5hoASlZuPeQ	dog_barking
67yYlKfBMTw	dog_barking
6o8Iq_QBZoQ	dog_barking
5OjbMgvwJCg	dog_barking
7KSXUptBBYQ	dog_barking
gpv2JV8uyOQ	dog_barking
7U5V5Teqo8Q	dog_barking
hmOUVl7dZDo	dog_barking
hnoWfqp3nMo	dog_barking
hcBn4asffoA	dog_barking
hvMVOIyDgvc	dog_barking
i1b5A665W_g	dog_barking
i86L3VY3NSg	dog_barking
iFPv4jv46ZM	dog_barking
c6QgylhezjY	dog_barking
cJTDchgcDbg	dog_barking
aHwbJLJW9o0	dog_barking
afDRYnKcJ-k	dog_barking
c5nYE9kEul0	dog_barking
cB-aRbbr2PM	dog_barking
cOCvrRkr7Dc	dog_barking
aXwdGNQxBkg	dog_barking
aBQ9m59MrWw	dog_barking
F3AsQHJE5E0	dog_barking
I0PICtU-Kyk	dog_barking
Ew71HjD-tgA	dog_barking
Ey7CIPAeqsY	dog_barking
_52ntwwQyv4	dog_barking
_sV9vC6iS1U	dog_barking
_p04SYXuBSQ	dog_barking
_Jj4RQDjwbQ	dog_barking
FY7gwVCnOS4	dog_barking
GicyuhoYuB8	dog_barking
_fTONy_pqik	dog_barking
HhQ41vxrZmE	dog_barking
I3kPmcHvMrg	dog_barking
f_4f7lEbr74	dog_barking
fvaWFF4x_oU	dog_barking
eSMCZfnJ5gI	dog_barking
f1Z-HuZ-_ZA	dog_barking
9l0yZyQ7GY4	dog_barking
AF0CtMb81t8	dog_barking
Ak68t2pvwo8	dog_barking
AASpYn_EQS8	dog_barking
As5Pqpb3fsg	dog_barking
CNxIeasZD74	dog_barking
CM5W31FRa7o	dog_barking
C5WlPklatQw	dog_barking
Bs6a7tENmJQ	dog_barking
BuD3zqP1TbU	dog_barking
BDYPBHGz9pk	dog_barking
9b3hrwj7iFc	dog_barking
EIy5p1Xdgxs	dog_barking
9Wi1oMq9XBM	dog_barking
BKmgqif0GnY	dog_barking
fp6pBJ1Iygk	dog_barking
fVx5NBw1diU	dog_barking
fdCOuABle8A	dog_barking
f3JufKV0Isw	dog_barking
eyFSi1BDQyI	dog_barking
E1QLxY-ubCo	dog_barking
e_xdN0ajlLk	dog_barking
EgwVw8cEJHg	dog_barking
Eg-FRF2xS1Y	dog_barking
DnzsQDFt3Ik	dog_barking
Dc8UmmjIAWE	dog_barking
-84CyEpynsY	dog_barking
E0IxV6UEqZ8	dog_barking
3qesirWAGt4	dog_barking
D5DLw365dv0	dog_barking
Di4vR2hW6aA	dog_barking
3xbAoVtkinI	dog_barking
bFwgDZm8CJg	dog_barking
DNgQPqHmuyQ	dog_barking
DCu5Ob61dRk	dog_barking
bDoGTRe98EE	dog_barking
b2X_SWC_-HU	dog_barking
bLKRTJeRsB8	dog_barking
21vfIdV2B60	dog_barking
24oYHGAu0mw	dog_barking
1jOOISjonO0	dog_barking
2c5VU69225M	dog_barking
2SqH6Vuu4lc	dog_barking
2_ljDKHdv6g	dog_barking
31zqGonKYR0	dog_barking
2kLO5ebfeA0	dog_barking
36xzrUTlmKw	dog_barking
3AzacBprTzU	dog_barking
7fUEAw_H1xw	dog_barking
8CrTpWNBiTo	dog_barking
898NtBwYP1U	dog_barking
8fMnn6coUhQ	dog_barking
91rUkeDeOGE	dog_barking
92vVMZ4Zkcc	dog_barking
8x8WnIpPisw	dog_barking
bQktB2Fa_MA	dog_barking
bV5VbEBECeM	dog_barking
b_Ckjhvm1NQ	dog_barking
McyzwLkySCM	dog_barking
M0aMpDlIphg	dog_barking
MBVmnJ7b1rE	dog_barking
LqInaHKSdvo	dog_barking
l_SEPV8JB1U	dog_barking
PcELumLdzEs	dog_barking
RMH2zC4m-3M	dog_barking
rjGjz5DolWA	dog_barking
RVKEE-0WdLM	dog_barking
qxPKywSh65M	dog_barking
Qn75sDkBDQ0	dog_barking
PovceEcM0HY	dog_barking
pZ9YYvOpsjw	dog_barking
pG3LQO86ZMI	dog_barking
PU_gp2z00qU	dog_barking
qJabn6CtR2g	dog_barking
TDH2u9feJPA	dog_barking
T79l7dlAsi8	dog_barking
T1Jlp8NFA4Y	dog_barking
Ss1DNsFucPw	dog_barking
VJvK5XJMOT0	dog_barking
VxsdrQ7a5eg	dog_barking
tV8500Inpw4	dog_barking
UfAH9j7mCbA	dog_barking
wlGiRzk8o5w	dog_barking
YYqaGwN2epw	dog_barking
XnbWWZy44YY	dog_barking
XCcB-gEsCbc	dog_barking
W3Bz98gN42Y	dog_barking
Wxuw2k5vrzw	dog_barking
YiJx8CakRE0	dog_barking
sYj4hpDUZDQ	dog_barking
TJCuZDjIzAw	dog_barking
VlH5nvvazcc	dog_barking
YEmynA8tepc	dog_barking
s4lsXWfZ324	dog_barking
UHfuOcVa9cI	dog_barking
s0FNqW3YaD8	dog_barking
TN9SwhVNloU	dog_barking
wNQ3qOpy2Eo	dog_barking
Y6v_sHpYZpU	dog_barking
thmJ0MDX49w	dog_barking
YpOiSBMXn3o	dog_barking
YDsPLvuwr3Y	dog_barking
STr4-FxNNyQ	dog_barking
seFJhtrrmfQ	dog_barking
MgD5JedaXGs	dog_barking
MkJuGDph-1k	dog_barking
mtc5VQNhvDs	dog_barking
n2EguLSOH9k	dog_barking
mphVIh_JgD0	dog_barking
MlooTw6qHp4	dog_barking
MrrxA1Doh-g	dog_barking
nocZ3WS9QGI	dog_barking
le5euuUnfuc	dog_barking
lfux0vEcsjM	dog_barking
kZxwtyXxTPA	dog_barking
Im1UwtffSmY	dog_barking
oPX5xepVbzg	dog_barking
kK8K8DQySFA	dog_barking
JVqTAIpcAD0	dog_barking
jLE8dPkmTEk	dog_barking
mdLD3Khu5k4	dog_barking
0BhhYpDRwVY	horse_clip-clop
0BLiYNtFSjA	horse_clip-clop
0d5Y3zRJJkw	horse_clip-clop
0Sb-RvvsaAw	horse_clip-clop
-0TTFAArJ9k	horse_clip-clop
1aPg2P5ynlE	horse_clip-clop
1tAwK_nixFE	horse_clip-clop
1zT7ARLrGYg	horse_clip-clop
2da6SvWTVks	horse_clip-clop
2G2H1jm58XU	horse_clip-clop
2gzQ0kt10pE	horse_clip-clop
2LCsaa2nr4k	horse_clip-clop
2pbX5VxvB-Y	horse_clip-clop
2tJxO3dqjs0	horse_clip-clop
3cc2GDUvdHo	horse_clip-clop
3FaeBt1XPQw	horse_clip-clop
3Lt4cNc3row	horse_clip-clop
3qNSaQnzWUs	horse_clip-clop
3sf-Fa7cZfA	horse_clip-clop
3vvoMraEM5Q	horse_clip-clop
3Wro1Hq2GS8	horse_clip-clop
4cEOkkDeJqs	horse_clip-clop
4dC9raNUgIw	horse_clip-clop
4Kl_h0_VJBk	horse_clip-clop
4lorH6_kV2A	horse_clip-clop
4zEAwoD1T2M	horse_clip-clop
6cL4EnBxGXw	horse_clip-clop
6GGNDnwFo9s	horse_clip-clop
6l0sxqfnaFI	horse_clip-clop
6TmhQQR4D-k	horse_clip-clop
7DiCtICan0w	horse_clip-clop
7f8BXla32wY	horse_clip-clop
7tLJnId0JNs	horse_clip-clop
7TMdhrlYovQ	horse_clip-clop
7UUYtJUfmyw	horse_clip-clop
7W_zK3d4Daw	horse_clip-clop
7Xh7YfypEgk	horse_clip-clop
8DLzTUMveSU	horse_clip-clop
8xPXDFNI7y8	horse_clip-clop
9BIA1d9MOlA	horse_clip-clop
9itWfnileao	horse_clip-clop
9XsrjJWYoiU	horse_clip-clop
9zqbda4kw74	horse_clip-clop
05sksuAixjY	horse_clip-clop
23MJysqoBEw	horse_clip-clop
2707wKpFKNU	horse_clip-clop
56uc2POpkD0	horse_clip-clop
7-spIPmjIxg	horse_clip-clop
-91lUg0_Gl8	horse_clip-clop
99nCZ4vC5Mg	horse_clip-clop
A5IDL1YE6yk	horse_clip-clop
AGIqbtpTMaU	horse_clip-clop
bHvncpFi22Q	horse_clip-clop
bJeE9TDJvLE	horse_clip-clop
CAwpoEcIPcA	horse_clip-clop
cj720O6NLbc	horse_clip-clop
CUlyRLxqW1Q	horse_clip-clop
DJclHUgiz_U	horse_clip-clop
DOsBP-y-VV4	horse_clip-clop
DPmQfp49nWo	horse_clip-clop
Dsngq0CkjlU	horse_clip-clop
DvatujJCfPY	horse_clip-clop
ePIKNabrZmQ	horse_clip-clop
EsudyEtxN_8	horse_clip-clop
f_0nKBMELPs	horse_clip-clop
fh6M9HpdLuA	horse_clip-clop
GvRM_UnjJoE	horse_clip-clop
H-I1TOZT4sQ	horse_clip-clop
H43iV9CB6ro	horse_clip-clop
Hkh_pDbkrsg	horse_clip-clop
Hr0nDpDW0Fw	horse_clip-clop
hsA0qo7LL2k	horse_clip-clop
HtV-qORZFo8	horse_clip-clop
HupUeD8ZSRs	horse_clip-clop
IfynsbWOATY	horse_clip-clop
IJRX9a3o17I	horse_clip-clop
IUQUQ-VQFcI	horse_clip-clop
JeNB6IFK7Ag	horse_clip-clop
JFxEtaLPjtI	horse_clip-clop
JG0s-0faTkI	horse_clip-clop
JiHpHVMIKa8	horse_clip-clop
JJhEv1wjj58	horse_clip-clop
JsG-pESQ5ZY	horse_clip-clop
Jxez9dIxZZ0	horse_clip-clop
-k199QGbju0	horse_clip-clop
K32uiup8gdk	horse_clip-clop
KEbaO0tnKZc	horse_clip-clop
KeDiIX8R4OQ	horse_clip-clop
KETp6efoYtg	horse_clip-clop
KLxUIYPH30I	horse_clip-clop
L8bRZH3Ad9U	horse_clip-clop
LTej9ONMoag	horse_clip-clop
LYN44hDC0QE	horse_clip-clop
LZTGraAMpzM	horse_clip-clop
MlMQAvA9gjY	horse_clip-clop
MSq8Lt8UIv4	horse_clip-clop
N7t2enO-nxE	horse_clip-clop
N9MI_4IgUvk	horse_clip-clop
Nh5aqMtFhOU	horse_clip-clop
NPwK7NLAYuo	horse_clip-clop
nX08kCZBuxI	horse_clip-clop
O_kA4PsDYjs	horse_clip-clop
O5UtiqudRKc	horse_clip-clop
O6SKOxLrHJE	horse_clip-clop
Oh06kmhtqaU	horse_clip-clop
OkJoQXJc4R8	horse_clip-clop
OQLpjRjv_JU	horse_clip-clop
P13bN4xItZs	horse_clip-clop
P2hvc6v9MsI	horse_clip-clop
P9G34S08VVg	horse_clip-clop
-pbxZsS46l0	horse_clip-clop
PQ1StoH4vg0	horse_clip-clop
qBf27IrT8bw	horse_clip-clop
QJGordCQPW0	horse_clip-clop
-rIH111gwEI	horse_clip-clop
sOwc2jAgqOQ	horse_clip-clop
SZLDu1eb2uY	horse_clip-clop
t436gTZyFUQ	horse_clip-clop
T6w-Nv0fkzE	horse_clip-clop
TJChvTdGpco	horse_clip-clop
tJKA8tMWqyU	horse_clip-clop
uJTcazr3ZCE	horse_clip-clop
UytDu2zSGtE	horse_clip-clop
UyuzrLGZcgc	horse_clip-clop
VfaMvBLHeqw	horse_clip-clop
-VZN4iUSkQk	horse_clip-clop
W6zCQ8_TO6Q	horse_clip-clop
wVHYjyfTCxI	horse_clip-clop
WWR9BSIcHKE	horse_clip-clop
xfd-ki1Dtlc	horse_clip-clop
xQbTuoxteLI	horse_clip-clop
YcUGK77UkKw	horse_clip-clop
yuekDSiMD7c	horse_clip-clop
zVfLHhs9uv8	horse_clip-clop
_xsRyM_fXYI	coyote_howling
-jpvGQmpnLQ	coyote_howling
-SIf6epg9cU	coyote_howling
0JE4WXw4VFs	coyote_howling
0kisUzGoKg0	coyote_howling
2S-YRM0p6cc	coyote_howling
2YsBchScLLY	coyote_howling
3ccbR1rlBT4	coyote_howling
5FcN5kBXAiw	coyote_howling
9ipjwnbdxmg	coyote_howling
937A1ELVyUs	coyote_howling
aqVcE_VxMPw	coyote_howling
bM5Ha8d-DoM	coyote_howling
BW9mmT29W8M	coyote_howling
DaLekKRzG8M	coyote_howling
DVjDvimQjCE	coyote_howling
e5LSu0-4SuQ	coyote_howling
etvtaFadPXI	coyote_howling
g9bl9hOO28Q	coyote_howling
g962CL_yjYQ	coyote_howling
H5XxUukegis	coyote_howling
jp8Sesg4Z2w	coyote_howling
LEUKYOndizA	coyote_howling
llfjflKaRGA	coyote_howling
Lp4VlV1iebo	coyote_howling
mYjYZfL5fig	coyote_howling
ncHAOlb2wgw	coyote_howling
NE4VsSTMG3U	coyote_howling
ORaz32CQ29k	coyote_howling
OYKoW-bf2fk	coyote_howling
q3rDqTIs2vU	coyote_howling
qfGSWQzJ8YM	coyote_howling
QnVzn-1mESU	coyote_howling
Qzj4QGWPtFE	coyote_howling
UbHeTPwWBbk	coyote_howling
UXUolsIgFFQ	coyote_howling
v7TlQCu6cuE	coyote_howling
W-EdkBt73JM	coyote_howling
X6MGPc2e8bk	coyote_howling
XA6RBioito4	coyote_howling
xIUwgb-KwkU	coyote_howling
xNH1J9ZTOl0	coyote_howling
YVRjfe9irTU	coyote_howling
ZZGBhrZvtpU	coyote_howling
_0V9pmpgzrI	race_car
_VY9xxTbE3o	race_car
_WxkOwfoq1E	race_car
-cU44hzuMJ4	race_car
-IBtBeR6B00	race_car
-qYiJpX6cHc	race_car
-rdjUIVtyZg	race_car
-x9Ux6FfYcs	race_car
-yVKa-U3U2g	race_car
-Z0VMUfYaSM	race_car
-Z2JSzfsMZk	race_car
0BKDTGRdzn8	race_car
0rrcR5ML7aI	race_car
0SKrqLzuLp4	race_car
0Yyf20fbJrU	race_car
1AUdtVJJR8Q	race_car
1hA5COzE6sY	race_car
2_9UtSV9F9I	race_car
2-83TMbFnX4	race_car
2ahksspKhaY	race_car
2B_zTO1E9T4	race_car
2BzsIU85lsg	race_car
2Fdau5KTEls	race_car
2JV3emH50XU	race_car
2xH0kfRKsyc	race_car
3kwWQETnFVk	race_car
3umPqOkFiww	race_car
3YEeLvC6Xxo	race_car
4EvpRRHJ_c4	race_car
4gM_5gyM_FA	race_car
4hUSCEtJDTU	race_car
4kAoBqK-pFI	race_car
4SuSbEPVVg0	race_car
4UdR7R1RHh0	race_car
4v3i_OQ33bo	race_car
5CPCQ_mLxJk	race_car
5EItomk0Nv0	race_car
5RiwMAGHteQ	race_car
5upsUxs414Q	race_car
6EMNA1S6AdA	race_car
6hL8HNIGdcY	race_car
6LIeOlFhIFI	race_car
7dlXw9MV9U0	race_car
7E7SjwMikT0	race_car
7KrVy2VQEiU	race_car
7xFI-CZVTAA	race_car
8BbcRlLkMs0	race_car
8fYtw5sP7vE	race_car
8IvmvgFTGDc	race_car
8kqfmwrRVSI	race_car
8M1AO0uEYck	race_car
8QJvV4A4LcY	race_car
8xeEn43T6LE	race_car
9AUCA_BGl1c	race_car
9oqt-HO6HMY	race_car
9QJ_hIHlvWM	race_car
9VC1RtH3UdQ	race_car
9YyW81UYQBQ	race_car
29jZqBJOIZs	race_car
33fbMHu4nzo	race_car
47UDBjg0oiM	race_car
57fIhnZBDeI	race_car
71Z1OUX2OXo	race_car
081dgPO47vE	race_car
96v9_uMdH-s	race_car
A_DvUSzBzzc	race_car
A5Qe-YZgRdM	race_car
AAePH5eQUZE	race_car
AoT1gMVzi_U	race_car
AxSDqMVs2aw	race_car
B6d641UMRZw	race_car
bBBseQ41i-4	race_car
BCkde9kA1LM	race_car
BHe2EpB39S0	race_car
BHi1tfQxHqE	race_car
BRrrRuo2iSI	race_car
Bs1u4mn17jU	race_car
BxAfYzX9WPg	race_car
C3BxWQHdImU	race_car
CBn-tfsiL5g	race_car
CfARy6C6AK4	race_car
CMDzYEKKzhI	race_car
Ctau5S5KUtc	race_car
CW49y8rkiqo	race_car
Cy5NErcSVvQ	race_car
D1SmWGmOpRg	race_car
D4Xl51Ijcsw	race_car
E-YxVxJuQes	race_car
E3qFpwB9Vcg	race_car
e8T1q4yHpfU	race_car
EFOGzi_FDNM	race_car
ei0mTXcKwQA	race_car
eipDOdr1Iek	race_car
EjuSVWRymWA	race_car
F4fdpATRwG8	race_car
Fc6hT51Vinc	race_car
FFbek4AyAG8	race_car
FvLV-VvHDRM	race_car
g2OX3L0isik	race_car
g4ODN4wxraU	race_car
Gi1qoFx_KhY	race_car
GncsbSB2Wq0	race_car
GrA4l4JREh4	race_car
GtLv4ojzBjU	race_car
H1fv3JNlY9U	race_car
H4d8oGt_dmc	race_car
HhWRklMHffo	race_car
HtWfyf_dGmM	race_car
I94mE4_hwT8	race_car
IaCgOqKsqW8	race_car
IblhEF_MiH8	race_car
IbQ9lanAwS8	race_car
IEB_QE5x9L4	race_car
IgpZc6-OuKo	race_car
IS9n31HdN6E	race_car
JLX97fkgBXs	race_car
KexUnZyn7Eo	race_car
KRTGSxw_lLc	race_car
L8dnenB7-RY	race_car
L9gOhEvn4lc	race_car
LGdZx_Ng2OU	race_car
lJwLfDp4pmA	race_car
lP-wIYrcxMs	race_car
LSMgG64MW2U	race_car
lVAPg1giCr8	race_car
m6iAg3VoVFo	race_car
MmIIjAzgw30	race_car
mmsa5TPqaDw	race_car
MMSEW658XRM	race_car
MozoM_TbKOQ	race_car
MQjxYhhhAIU	race_car
MRHsr-C7c9k	race_car
mxS_LTY_NzI	race_car
NKAxTvf25So	race_car
O3YG9Kic5GU	race_car
O6cZBByuc5o	race_car
O9fehbOkXV8	race_car
O9NT-1KBPIQ	race_car
OdOu8yGpIig	race_car
Q3Ya6lBOdRg	race_car
XF2dLoeJlFo	race_car
XMo1ZdaYUWY	race_car
XVlnx4ofu2k	race_car
